Name,Email,Longitude,Latitude,Image,Date
Aria Brown,aria.brown@fakemail.org,-79.71009,41.03347,https://encrypted-tbn0.gstatic.com/images?q=tbn:ANd9GcTjQfUyt8Q4ypHfybtL4EZkom5Q3yKa3DTlYQ&s,8/23/2024
Riley Garcia,riley.garcia@example.com,-99.82483,38.79409,https://encrypted-tbn0.gstatic.com/images?q=tbn:ANd9GcTjQfUyt8Q4ypHfybtL4EZkom5Q3yKa3DTlYQ&s,3/24/2025
Henry Chen,henry.chen@example.com,-100.46531,42.46612,https://encrypted-tbn0.gstatic.com/images?q=tbn:ANd9GcTjQfUyt8Q4ypHfybtL4EZkom5Q3yKa3DTlYQ&s,8/7/2024
Emerson Anderson,emerson.anderson5619@example.com,-109.75748,34.12913,https://encrypted-tbn0.gstatic.com/images?q=tbn:ANd9GcTjQfUyt8Q4ypHfybtL4EZkom5Q3yKa3DTlYQ&s,5/30/2025
Riley Lopez,riley.lopez@mailtest.com,-96.65809,47.29574,https://encrypted-tbn0.gstatic.com/images?q=tbn:ANd9GcTjQfUyt8Q4ypHfybtL4EZkom5Q3yKa3DTlYQ&s,3/12/2025
Elijah Perez,elijah.perez@example.com,-118.77854,25.34319,https://encrypted-tbn0.gstatic.com/images?q=tbn:ANd9GcTjQfUyt8Q4ypHfybtL4EZkom5Q3yKa3DTlYQ&s,6/8/2024
Jordan Kim,jordan.kim@demo.co,-107.83074,36.19525,https://encrypted-tbn0.gstatic.com/images?q=tbn:ANd9GcTjQfUyt8Q4ypHfybtL4EZkom5Q3yKa3DTlYQ&s,1/8/2024
Aria Parker,aria.parker4390@fakemail.org,-91.79588,39.72659,https://encrypted-tbn0.gstatic.com/images?q=tbn:ANd9GcTjQfUyt8Q4ypHfybtL4EZkom5Q3yKa3DTlYQ&s,9/18/2024
Aria Young,aria.young@demo.co,-109.66306,25.24728,https://encrypted-tbn0.gstatic.com/images?q=tbn:ANd9GcTjQfUyt8Q4ypHfybtL4EZkom5Q3yKa3DTlYQ&s,5/13/2024
Jack Baker,jack.baker8996@mailtest.com,-109.44119,41.68057,https://encrypted-tbn0.gstatic.com/images?q=tbn:ANd9GcTjQfUyt8Q4ypHfybtL4EZkom5Q3yKa3DTlYQ&s,6/22/2024
Henry Young,henry.young@fakemail.org,-107.96355,36.32552,https://encrypted-tbn0.gstatic.com/images?q=tbn:ANd9GcTjQfUyt8Q4ypHfybtL4EZkom5Q3yKa3DTlYQ&s,5/28/2025
Henry Wright,henry.wright6062@fakemail.org,-115.31721,43.50802,https://encrypted-tbn0.gstatic.com/images?q=tbn:ANd9GcTjQfUyt8Q4ypHfybtL4EZkom5Q3yKa3DTlYQ&s,5/13/2024
Hayden Garcia,hayden.garcia7335@example.com,-89.08132,25.75923,https://encrypted-tbn0.gstatic.com/images?q=tbn:ANd9GcTjQfUyt8Q4ypHfybtL4EZkom5Q3yKa3DTlYQ&s,12/21/2024
Parker Robinson,parker.robinson1258@samplemail.io,-100.86311,43.31291,https://encrypted-tbn0.gstatic.com/images?q=tbn:ANd9GcTjQfUyt8Q4ypHfybtL4EZkom5Q3yKa3DTlYQ&s,7/24/2024
Hayden Brown,hayden.brown@fakemail.org,-89.62738,41.76026,https://encrypted-tbn0.gstatic.com/images?q=tbn:ANd9GcTjQfUyt8Q4ypHfybtL4EZkom5Q3yKa3DTlYQ&s,4/2/2024
Liam Martinez,liam.martinez@example.com,-110.81522,39.91961,https://encrypted-tbn0.gstatic.com/images?q=tbn:ANd9GcTjQfUyt8Q4ypHfybtL4EZkom5Q3yKa3DTlYQ&s,2/9/2024
Evelyn Rodriguez,evelyn.rodriguez9684@samplemail.io,-99.85085,31.08207,https://encrypted-tbn0.gstatic.com/images?q=tbn:ANd9GcTjQfUyt8Q4ypHfybtL4EZkom5Q3yKa3DTlYQ&s,5/1/2024
Morgan Harris,morgan.harris487@example.com,-85.65178,44.19667,https://encrypted-tbn0.gstatic.com/images?q=tbn:ANd9GcTjQfUyt8Q4ypHfybtL4EZkom5Q3yKa3DTlYQ&s,8/21/2025
Noah Sharma,noah.sharma170@example.com,-114.84053,45.76927,https://encrypted-tbn0.gstatic.com/images?q=tbn:ANd9GcTjQfUyt8Q4ypHfybtL4EZkom5Q3yKa3DTlYQ&s,9/4/2024
Luna Robinson,luna.robinson@fakemail.org,-70.4957,32.74448,https://encrypted-tbn0.gstatic.com/images?q=tbn:ANd9GcTjQfUyt8Q4ypHfybtL4EZkom5Q3yKa3DTlYQ&s,4/21/2024
Jordan Patel,jordan.patel9694@inboxnow.net,-88.49422,48.8552,https://encrypted-tbn0.gstatic.com/images?q=tbn:ANd9GcTjQfUyt8Q4ypHfybtL4EZkom5Q3yKa3DTlYQ&s,4/14/2024
Aria Torres,aria.torres5329@fakemail.org,-105.20153,48.63513,https://encrypted-tbn0.gstatic.com/images?q=tbn:ANd9GcTjQfUyt8Q4ypHfybtL4EZkom5Q3yKa3DTlYQ&s,11/25/2024
Logan Martin,logan.martin@mailtest.com,-121.20185,46.36983,https://encrypted-tbn0.gstatic.com/images?q=tbn:ANd9GcTjQfUyt8Q4ypHfybtL4EZkom5Q3yKa3DTlYQ&s,4/25/2024
Henry King,henry.king@inboxnow.net,-110.12725,47.67085,https://encrypted-tbn0.gstatic.com/images?q=tbn:ANd9GcTjQfUyt8Q4ypHfybtL4EZkom5Q3yKa3DTlYQ&s,9/13/2024
Drew Anderson,drew.anderson1236@demo.co,-91.88337,43.35485,https://encrypted-tbn0.gstatic.com/images?q=tbn:ANd9GcTjQfUyt8Q4ypHfybtL4EZkom5Q3yKa3DTlYQ&s,1/11/2024
Blake Sharma,blake.sharma@example.com,-105.19225,47.55002,https://encrypted-tbn0.gstatic.com/images?q=tbn:ANd9GcTjQfUyt8Q4ypHfybtL4EZkom5Q3yKa3DTlYQ&s,11/18/2024
Casey Mitchell,casey.mitchell4336@fakemail.org,-76.22437,41.26911,https://encrypted-tbn0.gstatic.com/images?q=tbn:ANd9GcTjQfUyt8Q4ypHfybtL4EZkom5Q3yKa3DTlYQ&s,9/7/2025
Drew Moore,drew.moore@demo.co,-72.17059,26.20843,https://encrypted-tbn0.gstatic.com/images?q=tbn:ANd9GcTjQfUyt8Q4ypHfybtL4EZkom5Q3yKa3DTlYQ&s,2/18/2025
Daniel Campbell,daniel.campbell4209@example.com,-74.68975,37.77254,https://encrypted-tbn0.gstatic.com/images?q=tbn:ANd9GcTjQfUyt8Q4ypHfybtL4EZkom5Q3yKa3DTlYQ&s,2/22/2024
Liam Parker,liam.parker@demo.co,-103.30675,45.27155,https://encrypted-tbn0.gstatic.com/images?q=tbn:ANd9GcTjQfUyt8Q4ypHfybtL4EZkom5Q3yKa3DTlYQ&s,6/4/2025
Luna Mitchell,luna.mitchell3562@demo.co,-111.83412,41.83886,https://encrypted-tbn0.gstatic.com/images?q=tbn:ANd9GcTjQfUyt8Q4ypHfybtL4EZkom5Q3yKa3DTlYQ&s,11/3/2024
Blake Carter,blake.carter126@samplemail.io,-98.26477,33.86952,https://encrypted-tbn0.gstatic.com/images?q=tbn:ANd9GcTjQfUyt8Q4ypHfybtL4EZkom5Q3yKa3DTlYQ&s,10/5/2024
Levi Lee,levi.lee@fakemail.org,-118.79085,48.95132,https://encrypted-tbn0.gstatic.com/images?q=tbn:ANd9GcTjQfUyt8Q4ypHfybtL4EZkom5Q3yKa3DTlYQ&s,1/26/2025
William Ng,william.ng@samplemail.io,-96.09655,38.45994,https://encrypted-tbn0.gstatic.com/images?q=tbn:ANd9GcTjQfUyt8Q4ypHfybtL4EZkom5Q3yKa3DTlYQ&s,8/11/2025
Sophia Martin,sophia.martin2277@fakemail.org,-80.87998,26.57823,https://encrypted-tbn0.gstatic.com/images?q=tbn:ANd9GcTjQfUyt8Q4ypHfybtL4EZkom5Q3yKa3DTlYQ&s,3/18/2024
Ethan Chen,ethan.chen@inboxnow.net,-82.19045,36.69205,https://encrypted-tbn0.gstatic.com/images?q=tbn:ANd9GcTjQfUyt8Q4ypHfybtL4EZkom5Q3yKa3DTlYQ&s,1/30/2024
Taylor Taylor,taylor.taylor@example.com,-120.07462,47.0653,https://encrypted-tbn0.gstatic.com/images?q=tbn:ANd9GcTjQfUyt8Q4ypHfybtL4EZkom5Q3yKa3DTlYQ&s,5/14/2024
Scarlett Robinson,scarlett.robinson1288@inboxnow.net,-108.72392,42.87074,https://encrypted-tbn0.gstatic.com/images?q=tbn:ANd9GcTjQfUyt8Q4ypHfybtL4EZkom5Q3yKa3DTlYQ&s,9/3/2024
Logan Phillips,logan.phillips254@samplemail.io,-95.10656,30.84022,https://encrypted-tbn0.gstatic.com/images?q=tbn:ANd9GcTjQfUyt8Q4ypHfybtL4EZkom5Q3yKa3DTlYQ&s,5/28/2025
Harper Taylor,harper.taylor8144@demo.co,-114.49389,39.9252,https://encrypted-tbn0.gstatic.com/images?q=tbn:ANd9GcTjQfUyt8Q4ypHfybtL4EZkom5Q3yKa3DTlYQ&s,7/17/2025
Sebastian Davis,sebastian.davis5011@example.com,-101.99204,42.86129,https://encrypted-tbn0.gstatic.com/images?q=tbn:ANd9GcTjQfUyt8Q4ypHfybtL4EZkom5Q3yKa3DTlYQ&s,9/24/2024
Noah Allen,noah.allen@fakemail.org,-113.45698,43.89332,https://encrypted-tbn0.gstatic.com/images?q=tbn:ANd9GcTjQfUyt8Q4ypHfybtL4EZkom5Q3yKa3DTlYQ&s,8/17/2024
Lucas Davis,lucas.davis9219@fakemail.org,-101.84837,45.33126,https://encrypted-tbn0.gstatic.com/images?q=tbn:ANd9GcTjQfUyt8Q4ypHfybtL4EZkom5Q3yKa3DTlYQ&s,4/22/2024
Logan Torres,logan.torres@mailtest.com,-99.45864,43.9214,https://encrypted-tbn0.gstatic.com/images?q=tbn:ANd9GcTjQfUyt8Q4ypHfybtL4EZkom5Q3yKa3DTlYQ&s,8/22/2025
Ella Torres,ella.torres6323@inboxnow.net,-74.13993,27.60322,https://encrypted-tbn0.gstatic.com/images?q=tbn:ANd9GcTjQfUyt8Q4ypHfybtL4EZkom5Q3yKa3DTlYQ&s,12/11/2024
Benjamin Lopez,benjamin.lopez@mailtest.com,-69.91548,28.66927,https://encrypted-tbn0.gstatic.com/images?q=tbn:ANd9GcTjQfUyt8Q4ypHfybtL4EZkom5Q3yKa3DTlYQ&s,4/21/2024
Amelia Allen,amelia.allen@demo.co,-103.06783,47.02326,https://encrypted-tbn0.gstatic.com/images?q=tbn:ANd9GcTjQfUyt8Q4ypHfybtL4EZkom5Q3yKa3DTlYQ&s,6/17/2025
Jamie Anderson,jamie.anderson3174@demo.co,-75.38349,32.67683,https://encrypted-tbn0.gstatic.com/images?q=tbn:ANd9GcTjQfUyt8Q4ypHfybtL4EZkom5Q3yKa3DTlYQ&s,1/18/2024
Taylor Hill,taylor.hill@inboxnow.net,-123.38388,46.55863,https://encrypted-tbn0.gstatic.com/images?q=tbn:ANd9GcTjQfUyt8Q4ypHfybtL4EZkom5Q3yKa3DTlYQ&s,7/23/2025
Jamie Torres,jamie.torres@fakemail.org,-82.42087,25.52415,https://encrypted-tbn0.gstatic.com/images?q=tbn:ANd9GcTjQfUyt8Q4ypHfybtL4EZkom5Q3yKa3DTlYQ&s,3/17/2024
James Lopez,james.lopez@fakemail.org,-91.89164,32.73275,https://encrypted-tbn0.gstatic.com/images?q=tbn:ANd9GcTjQfUyt8Q4ypHfybtL4EZkom5Q3yKa3DTlYQ&s,6/21/2024
Sophia Moore,sophia.moore@example.com,-82.10675,42.36691,https://encrypted-tbn0.gstatic.com/images?q=tbn:ANd9GcTjQfUyt8Q4ypHfybtL4EZkom5Q3yKa3DTlYQ&s,1/1/2024
Parker Clark,parker.clark@demo.co,-105.36802,38.71026,https://encrypted-tbn0.gstatic.com/images?q=tbn:ANd9GcTjQfUyt8Q4ypHfybtL4EZkom5Q3yKa3DTlYQ&s,7/29/2025
Logan Roberts,logan.roberts8842@fakemail.org,-70.56541,48.54103,https://encrypted-tbn0.gstatic.com/images?q=tbn:ANd9GcTjQfUyt8Q4ypHfybtL4EZkom5Q3yKa3DTlYQ&s,12/9/2024
Casey Turner,casey.turner@samplemail.io,-99.58498,27.70981,https://encrypted-tbn0.gstatic.com/images?q=tbn:ANd9GcTjQfUyt8Q4ypHfybtL4EZkom5Q3yKa3DTlYQ&s,7/3/2024
Harper Brown,harper.brown5230@example.com,-106.42963,41.60038,https://encrypted-tbn0.gstatic.com/images?q=tbn:ANd9GcTjQfUyt8Q4ypHfybtL4EZkom5Q3yKa3DTlYQ&s,10/29/2024
Casey Walker,casey.walker8603@demo.co,-107.63352,47.6507,https://encrypted-tbn0.gstatic.com/images?q=tbn:ANd9GcTjQfUyt8Q4ypHfybtL4EZkom5Q3yKa3DTlYQ&s,6/24/2025
Emerson Mitchell,emerson.mitchell741@samplemail.io,-76.22832,36.20117,https://encrypted-tbn0.gstatic.com/images?q=tbn:ANd9GcTjQfUyt8Q4ypHfybtL4EZkom5Q3yKa3DTlYQ&s,6/18/2025
Blake Jackson,blake.jackson3518@fakemail.org,-80.17984,45.55495,https://encrypted-tbn0.gstatic.com/images?q=tbn:ANd9GcTjQfUyt8Q4ypHfybtL4EZkom5Q3yKa3DTlYQ&s,5/28/2025
Jordan Lopez,jordan.lopez8869@samplemail.io,-95.09431,43.73074,https://encrypted-tbn0.gstatic.com/images?q=tbn:ANd9GcTjQfUyt8Q4ypHfybtL4EZkom5Q3yKa3DTlYQ&s,12/31/2024
Riley Gonzalez,riley.gonzalez@example.com,-111.6706,46.05906,https://encrypted-tbn0.gstatic.com/images?q=tbn:ANd9GcTjQfUyt8Q4ypHfybtL4EZkom5Q3yKa3DTlYQ&s,1/26/2025
Daniel Adams,daniel.adams2310@fakemail.org,-102.23581,45.49512,https://encrypted-tbn0.gstatic.com/images?q=tbn:ANd9GcTjQfUyt8Q4ypHfybtL4EZkom5Q3yKa3DTlYQ&s,3/26/2024
James Johnson,james.johnson@example.com,-115.40491,48.11125,https://encrypted-tbn0.gstatic.com/images?q=tbn:ANd9GcTjQfUyt8Q4ypHfybtL4EZkom5Q3yKa3DTlYQ&s,10/17/2024
James Robinson,james.robinson@example.com,-120.92088,47.27656,https://encrypted-tbn0.gstatic.com/images?q=tbn:ANd9GcTjQfUyt8Q4ypHfybtL4EZkom5Q3yKa3DTlYQ&s,7/17/2024
William Turner,william.turner9368@example.com,-116.3331,26.63961,https://encrypted-tbn0.gstatic.com/images?q=tbn:ANd9GcTjQfUyt8Q4ypHfybtL4EZkom5Q3yKa3DTlYQ&s,8/9/2024
Alex Garcia,alex.garcia@mailtest.com,-100.72727,45.57072,https://encrypted-tbn0.gstatic.com/images?q=tbn:ANd9GcTjQfUyt8Q4ypHfybtL4EZkom5Q3yKa3DTlYQ&s,2/15/2025
Daniel Nguyen,daniel.nguyen7470@inboxnow.net,-85.67388,26.96206,https://encrypted-tbn0.gstatic.com/images?q=tbn:ANd9GcTjQfUyt8Q4ypHfybtL4EZkom5Q3yKa3DTlYQ&s,4/29/2024
Emerson Lewis,emerson.lewis395@inboxnow.net,-81.67257,45.93971,https://encrypted-tbn0.gstatic.com/images?q=tbn:ANd9GcTjQfUyt8Q4ypHfybtL4EZkom5Q3yKa3DTlYQ&s,1/20/2025
Blake Johnson,blake.johnson@inboxnow.net,-84.64551,37.35855,https://encrypted-tbn0.gstatic.com/images?q=tbn:ANd9GcTjQfUyt8Q4ypHfybtL4EZkom5Q3yKa3DTlYQ&s,3/23/2024
Elijah Harris,elijah.harris@mailtest.com,-114.77064,39.60616,https://encrypted-tbn0.gstatic.com/images?q=tbn:ANd9GcTjQfUyt8Q4ypHfybtL4EZkom5Q3yKa3DTlYQ&s,1/12/2024
Hayden Gonzalez,hayden.gonzalez9620@fakemail.org,-91.66555,29.66309,https://encrypted-tbn0.gstatic.com/images?q=tbn:ANd9GcTjQfUyt8Q4ypHfybtL4EZkom5Q3yKa3DTlYQ&s,8/9/2024
Alex Anderson,alex.anderson@samplemail.io,-109.86968,31.78344,https://encrypted-tbn0.gstatic.com/images?q=tbn:ANd9GcTjQfUyt8Q4ypHfybtL4EZkom5Q3yKa3DTlYQ&s,8/16/2024
Jack Young,jack.young900@example.com,-74.15451,41.14834,https://encrypted-tbn0.gstatic.com/images?q=tbn:ANd9GcTjQfUyt8Q4ypHfybtL4EZkom5Q3yKa3DTlYQ&s,10/22/2024
Casey Clark,casey.clark7942@inboxnow.net,-98.76432,46.03841,https://encrypted-tbn0.gstatic.com/images?q=tbn:ANd9GcTjQfUyt8Q4ypHfybtL4EZkom5Q3yKa3DTlYQ&s,4/15/2024
Liam Garcia,liam.garcia@mailtest.com,-114.11155,30.42641,https://encrypted-tbn0.gstatic.com/images?q=tbn:ANd9GcTjQfUyt8Q4ypHfybtL4EZkom5Q3yKa3DTlYQ&s,11/5/2024
Logan Roberts,logan.roberts@fakemail.org,-109.16323,46.95617,https://encrypted-tbn0.gstatic.com/images?q=tbn:ANd9GcTjQfUyt8Q4ypHfybtL4EZkom5Q3yKa3DTlYQ&s,8/13/2025
Elijah Rodriguez,elijah.rodriguez@fakemail.org,-93.79151,37.57093,https://encrypted-tbn0.gstatic.com/images?q=tbn:ANd9GcTjQfUyt8Q4ypHfybtL4EZkom5Q3yKa3DTlYQ&s,1/1/2024
Ella Garcia,ella.garcia@mailtest.com,-94.44758,25.04803,https://encrypted-tbn0.gstatic.com/images?q=tbn:ANd9GcTjQfUyt8Q4ypHfybtL4EZkom5Q3yKa3DTlYQ&s,7/15/2025
Nora Jackson,nora.jackson576@demo.co,-95.84138,38.88016,https://encrypted-tbn0.gstatic.com/images?q=tbn:ANd9GcTjQfUyt8Q4ypHfybtL4EZkom5Q3yKa3DTlYQ&s,7/26/2025
Logan Moore,logan.moore@demo.co,-68.41003,42.83404,https://encrypted-tbn0.gstatic.com/images?q=tbn:ANd9GcTjQfUyt8Q4ypHfybtL4EZkom5Q3yKa3DTlYQ&s,4/12/2024
Drew Torres,drew.torres416@samplemail.io,-108.68401,32.0013,https://encrypted-tbn0.gstatic.com/images?q=tbn:ANd9GcTjQfUyt8Q4ypHfybtL4EZkom5Q3yKa3DTlYQ&s,8/6/2025
Drew Kim,drew.kim6558@example.com,-82.33499,40.37574,https://encrypted-tbn0.gstatic.com/images?q=tbn:ANd9GcTjQfUyt8Q4ypHfybtL4EZkom5Q3yKa3DTlYQ&s,12/20/2024
Casey Rivera,casey.rivera4530@demo.co,-68.86296,30.67915,https://encrypted-tbn0.gstatic.com/images?q=tbn:ANd9GcTjQfUyt8Q4ypHfybtL4EZkom5Q3yKa3DTlYQ&s,9/25/2024
Kai Wilson,kai.wilson1906@mailtest.com,-78.77486,45.57201,https://encrypted-tbn0.gstatic.com/images?q=tbn:ANd9GcTjQfUyt8Q4ypHfybtL4EZkom5Q3yKa3DTlYQ&s,1/25/2025
Noah Scott,noah.scott@demo.co,-82.27505,26.06169,https://encrypted-tbn0.gstatic.com/images?q=tbn:ANd9GcTjQfUyt8Q4ypHfybtL4EZkom5Q3yKa3DTlYQ&s,7/11/2024
Nora Perez,nora.perez7411@fakemail.org,-116.74519,26.62776,https://encrypted-tbn0.gstatic.com/images?q=tbn:ANd9GcTjQfUyt8Q4ypHfybtL4EZkom5Q3yKa3DTlYQ&s,12/15/2024
Elijah Mitchell,elijah.mitchell9021@example.com,-81.73889,46.647,https://encrypted-tbn0.gstatic.com/images?q=tbn:ANd9GcTjQfUyt8Q4ypHfybtL4EZkom5Q3yKa3DTlYQ&s,6/11/2025
Logan Wright,logan.wright@inboxnow.net,-94.10933,30.00503,https://encrypted-tbn0.gstatic.com/images?q=tbn:ANd9GcTjQfUyt8Q4ypHfybtL4EZkom5Q3yKa3DTlYQ&s,6/28/2025
Benjamin Lewis,benjamin.lewis@example.com,-101.91682,26.69256,https://encrypted-tbn0.gstatic.com/images?q=tbn:ANd9GcTjQfUyt8Q4ypHfybtL4EZkom5Q3yKa3DTlYQ&s,9/10/2024
Ethan Hill,ethan.hill2752@inboxnow.net,-97.53045,46.12937,https://encrypted-tbn0.gstatic.com/images?q=tbn:ANd9GcTjQfUyt8Q4ypHfybtL4EZkom5Q3yKa3DTlYQ&s,1/30/2025
Levi Phillips,levi.phillips1761@samplemail.io,-69.08907,46.65101,https://encrypted-tbn0.gstatic.com/images?q=tbn:ANd9GcTjQfUyt8Q4ypHfybtL4EZkom5Q3yKa3DTlYQ&s,1/21/2024
Casey Wilson,casey.wilson4908@mailtest.com,-92.26111,29.08064,https://encrypted-tbn0.gstatic.com/images?q=tbn:ANd9GcTjQfUyt8Q4ypHfybtL4EZkom5Q3yKa3DTlYQ&s,7/29/2025
Sebastian Lee,sebastian.lee2193@demo.co,-92.55995,25.74172,https://encrypted-tbn0.gstatic.com/images?q=tbn:ANd9GcTjQfUyt8Q4ypHfybtL4EZkom5Q3yKa3DTlYQ&s,5/31/2025
Mia Turner,mia.turner@example.com,-85.44882,41.48467,https://encrypted-tbn0.gstatic.com/images?q=tbn:ANd9GcTjQfUyt8Q4ypHfybtL4EZkom5Q3yKa3DTlYQ&s,6/22/2025
Liam Carter,liam.carter@mailtest.com,-67.86993,46.74866,https://encrypted-tbn0.gstatic.com/images?q=tbn:ANd9GcTjQfUyt8Q4ypHfybtL4EZkom5Q3yKa3DTlYQ&s,8/29/2024
Alex Sanchez,alex.sanchez@mailtest.com,-94.1673,25.43555,https://encrypted-tbn0.gstatic.com/images?q=tbn:ANd9GcTjQfUyt8Q4ypHfybtL4EZkom5Q3yKa3DTlYQ&s,3/3/2025
Olivia Perez,olivia.perez3586@fakemail.org,-105.17993,46.71985,https://encrypted-tbn0.gstatic.com/images?q=tbn:ANd9GcTjQfUyt8Q4ypHfybtL4EZkom5Q3yKa3DTlYQ&s,5/23/2024
Ella Nguyen,ella.nguyen@samplemail.io,-123.85929,28.95832,https://encrypted-tbn0.gstatic.com/images?q=tbn:ANd9GcTjQfUyt8Q4ypHfybtL4EZkom5Q3yKa3DTlYQ&s,2/29/2024
Sebastian Carter,sebastian.carter5003@example.com,-113.54899,39.16856,https://encrypted-tbn0.gstatic.com/images?q=tbn:ANd9GcTjQfUyt8Q4ypHfybtL4EZkom5Q3yKa3DTlYQ&s,7/28/2025
Benjamin Harris,benjamin.harris@mailtest.com,-109.50816,30.83039,https://encrypted-tbn0.gstatic.com/images?q=tbn:ANd9GcTjQfUyt8Q4ypHfybtL4EZkom5Q3yKa3DTlYQ&s,6/20/2025
Nora Lewis,nora.lewis@samplemail.io,-90.3047,43.67207,https://encrypted-tbn0.gstatic.com/images?q=tbn:ANd9GcTjQfUyt8Q4ypHfybtL4EZkom5Q3yKa3DTlYQ&s,6/19/2025
Sophia Robinson,sophia.robinson3738@inboxnow.net,-83.55964,26.37783,https://encrypted-tbn0.gstatic.com/images?q=tbn:ANd9GcTjQfUyt8Q4ypHfybtL4EZkom5Q3yKa3DTlYQ&s,3/2/2024
Finley Thompson,finley.thompson@inboxnow.net,-108.25866,30.2336,https://encrypted-tbn0.gstatic.com/images?q=tbn:ANd9GcTjQfUyt8Q4ypHfybtL4EZkom5Q3yKa3DTlYQ&s,8/21/2025
Jamie Anderson,jamie.anderson@samplemail.io,-76.47772,26.87992,https://encrypted-tbn0.gstatic.com/images?q=tbn:ANd9GcTjQfUyt8Q4ypHfybtL4EZkom5Q3yKa3DTlYQ&s,7/24/2024
Blake Walker,blake.walker6765@fakemail.org,-103.2462,32.52604,https://encrypted-tbn0.gstatic.com/images?q=tbn:ANd9GcTjQfUyt8Q4ypHfybtL4EZkom5Q3yKa3DTlYQ&s,5/24/2025
Morgan Sharma,morgan.sharma676@mailtest.com,-71.86083,45.78107,https://encrypted-tbn0.gstatic.com/images?q=tbn:ANd9GcTjQfUyt8Q4ypHfybtL4EZkom5Q3yKa3DTlYQ&s,2/6/2025
Ethan Thompson,ethan.thompson7908@example.com,-90.5585,25.6777,https://encrypted-tbn0.gstatic.com/images?q=tbn:ANd9GcTjQfUyt8Q4ypHfybtL4EZkom5Q3yKa3DTlYQ&s,2/3/2025
Harper Harris,harper.harris@mailtest.com,-77.78745,41.18178,https://encrypted-tbn0.gstatic.com/images?q=tbn:ANd9GcTjQfUyt8Q4ypHfybtL4EZkom5Q3yKa3DTlYQ&s,8/16/2025
Finley Rivera,finley.rivera5047@inboxnow.net,-100.07847,45.91073,https://encrypted-tbn0.gstatic.com/images?q=tbn:ANd9GcTjQfUyt8Q4ypHfybtL4EZkom5Q3yKa3DTlYQ&s,3/26/2024
Sophia Brown,sophia.brown3286@samplemail.io,-95.77457,26.85473,https://encrypted-tbn0.gstatic.com/images?q=tbn:ANd9GcTjQfUyt8Q4ypHfybtL4EZkom5Q3yKa3DTlYQ&s,6/19/2025
Cameron Clark,cameron.clark8282@inboxnow.net,-123.06878,43.90055,https://encrypted-tbn0.gstatic.com/images?q=tbn:ANd9GcTjQfUyt8Q4ypHfybtL4EZkom5Q3yKa3DTlYQ&s,5/15/2024
Charlotte Davis,charlotte.davis@mailtest.com,-76.42622,31.9229,https://encrypted-tbn0.gstatic.com/images?q=tbn:ANd9GcTjQfUyt8Q4ypHfybtL4EZkom5Q3yKa3DTlYQ&s,6/20/2025
Drew Torres,drew.torres@mailtest.com,-109.37151,39.02152,https://encrypted-tbn0.gstatic.com/images?q=tbn:ANd9GcTjQfUyt8Q4ypHfybtL4EZkom5Q3yKa3DTlYQ&s,12/14/2024
Hayden Moore,hayden.moore@example.com,-87.31911,25.11957,https://encrypted-tbn0.gstatic.com/images?q=tbn:ANd9GcTjQfUyt8Q4ypHfybtL4EZkom5Q3yKa3DTlYQ&s,12/2/2024
Jordan Kim,jordan.kim@fakemail.org,-102.67095,26.71007,https://encrypted-tbn0.gstatic.com/images?q=tbn:ANd9GcTjQfUyt8Q4ypHfybtL4EZkom5Q3yKa3DTlYQ&s,2/5/2025
Evelyn Wilson,evelyn.wilson@fakemail.org,-83.77089,28.80798,https://encrypted-tbn0.gstatic.com/images?q=tbn:ANd9GcTjQfUyt8Q4ypHfybtL4EZkom5Q3yKa3DTlYQ&s,7/15/2024
Olivia Sharma,olivia.sharma@fakemail.org,-119.52368,37.27913,https://encrypted-tbn0.gstatic.com/images?q=tbn:ANd9GcTjQfUyt8Q4ypHfybtL4EZkom5Q3yKa3DTlYQ&s,4/15/2025
Charlotte Rivera,charlotte.rivera9051@demo.co,-84.97383,48.63614,https://encrypted-tbn0.gstatic.com/images?q=tbn:ANd9GcTjQfUyt8Q4ypHfybtL4EZkom5Q3yKa3DTlYQ&s,2/28/2025
Lucas Davis,lucas.davis@inboxnow.net,-85.93151,38.25144,https://encrypted-tbn0.gstatic.com/images?q=tbn:ANd9GcTjQfUyt8Q4ypHfybtL4EZkom5Q3yKa3DTlYQ&s,2/14/2024
Hayden Taylor,hayden.taylor@mailtest.com,-119.45764,28.90356,https://encrypted-tbn0.gstatic.com/images?q=tbn:ANd9GcTjQfUyt8Q4ypHfybtL4EZkom5Q3yKa3DTlYQ&s,7/5/2024
Hannah Robinson,hannah.robinson2855@mailtest.com,-122.477,36.19303,https://encrypted-tbn0.gstatic.com/images?q=tbn:ANd9GcTjQfUyt8Q4ypHfybtL4EZkom5Q3yKa3DTlYQ&s,8/30/2025
Scarlett King,scarlett.king@inboxnow.net,-97.74093,35.63677,https://encrypted-tbn0.gstatic.com/images?q=tbn:ANd9GcTjQfUyt8Q4ypHfybtL4EZkom5Q3yKa3DTlYQ&s,7/9/2024
Avery Nelson,avery.nelson7224@fakemail.org,-94.54802,33.79936,https://encrypted-tbn0.gstatic.com/images?q=tbn:ANd9GcTjQfUyt8Q4ypHfybtL4EZkom5Q3yKa3DTlYQ&s,8/22/2024
Jamie Torres,jamie.torres@demo.co,-121.57036,42.5686,https://encrypted-tbn0.gstatic.com/images?q=tbn:ANd9GcTjQfUyt8Q4ypHfybtL4EZkom5Q3yKa3DTlYQ&s,11/15/2024
Mason Nelson,mason.nelson3515@samplemail.io,-99.71807,25.43102,https://encrypted-tbn0.gstatic.com/images?q=tbn:ANd9GcTjQfUyt8Q4ypHfybtL4EZkom5Q3yKa3DTlYQ&s,5/13/2024
Henry Carter,henry.carter2616@inboxnow.net,-82.99375,27.37345,https://encrypted-tbn0.gstatic.com/images?q=tbn:ANd9GcTjQfUyt8Q4ypHfybtL4EZkom5Q3yKa3DTlYQ&s,4/27/2024
Olivia Martin,olivia.martin@samplemail.io,-78.85476,31.83866,https://encrypted-tbn0.gstatic.com/images?q=tbn:ANd9GcTjQfUyt8Q4ypHfybtL4EZkom5Q3yKa3DTlYQ&s,7/31/2025
Cameron Mitchell,cameron.mitchell2501@inboxnow.net,-121.1175,39.61828,https://encrypted-tbn0.gstatic.com/images?q=tbn:ANd9GcTjQfUyt8Q4ypHfybtL4EZkom5Q3yKa3DTlYQ&s,10/10/2024
Emerson Davis,emerson.davis3208@samplemail.io,-75.25457,40.03678,https://encrypted-tbn0.gstatic.com/images?q=tbn:ANd9GcTjQfUyt8Q4ypHfybtL4EZkom5Q3yKa3DTlYQ&s,11/14/2024
Mason Clark,mason.clark@fakemail.org,-109.43836,29.05144,https://encrypted-tbn0.gstatic.com/images?q=tbn:ANd9GcTjQfUyt8Q4ypHfybtL4EZkom5Q3yKa3DTlYQ&s,8/5/2024
Henry King,henry.king1300@example.com,-92.74104,33.62471,https://encrypted-tbn0.gstatic.com/images?q=tbn:ANd9GcTjQfUyt8Q4ypHfybtL4EZkom5Q3yKa3DTlYQ&s,6/17/2024
Mason Phillips,mason.phillips@fakemail.org,-118.43054,36.00405,https://encrypted-tbn0.gstatic.com/images?q=tbn:ANd9GcTjQfUyt8Q4ypHfybtL4EZkom5Q3yKa3DTlYQ&s,2/19/2024
Blake Baker,blake.baker6938@mailtest.com,-108.64689,26.04066,https://encrypted-tbn0.gstatic.com/images?q=tbn:ANd9GcTjQfUyt8Q4ypHfybtL4EZkom5Q3yKa3DTlYQ&s,10/6/2024
Jack Carter,jack.carter@samplemail.io,-112.28932,33.12918,https://encrypted-tbn0.gstatic.com/images?q=tbn:ANd9GcTjQfUyt8Q4ypHfybtL4EZkom5Q3yKa3DTlYQ&s,1/24/2024
Ella Sanchez,ella.sanchez@inboxnow.net,-114.41812,40.04411,https://encrypted-tbn0.gstatic.com/images?q=tbn:ANd9GcTjQfUyt8Q4ypHfybtL4EZkom5Q3yKa3DTlYQ&s,4/20/2025
Aria Walker,aria.walker@inboxnow.net,-84.67331,39.08332,https://encrypted-tbn0.gstatic.com/images?q=tbn:ANd9GcTjQfUyt8Q4ypHfybtL4EZkom5Q3yKa3DTlYQ&s,3/31/2025
Mason Nelson,mason.nelson406@fakemail.org,-111.74068,47.28807,https://encrypted-tbn0.gstatic.com/images?q=tbn:ANd9GcTjQfUyt8Q4ypHfybtL4EZkom5Q3yKa3DTlYQ&s,6/30/2025
Riley Walker,riley.walker@demo.co,-80.86358,24.6707,https://encrypted-tbn0.gstatic.com/images?q=tbn:ANd9GcTjQfUyt8Q4ypHfybtL4EZkom5Q3yKa3DTlYQ&s,7/24/2025
Mason Robinson,mason.robinson@inboxnow.net,-118.94908,28.39739,https://encrypted-tbn0.gstatic.com/images?q=tbn:ANd9GcTjQfUyt8Q4ypHfybtL4EZkom5Q3yKa3DTlYQ&s,12/6/2024
William Taylor,william.taylor@demo.co,-115.57814,27.44173,https://encrypted-tbn0.gstatic.com/images?q=tbn:ANd9GcTjQfUyt8Q4ypHfybtL4EZkom5Q3yKa3DTlYQ&s,4/29/2024
James Walker,james.walker@demo.co,-105.91481,34.79509,https://encrypted-tbn0.gstatic.com/images?q=tbn:ANd9GcTjQfUyt8Q4ypHfybtL4EZkom5Q3yKa3DTlYQ&s,4/2/2024
Jamie Green,jamie.green@example.com,-110.46657,25.72927,https://encrypted-tbn0.gstatic.com/images?q=tbn:ANd9GcTjQfUyt8Q4ypHfybtL4EZkom5Q3yKa3DTlYQ&s,12/28/2024
Hayden Kim,hayden.kim@fakemail.org,-110.28292,34.03974,https://encrypted-tbn0.gstatic.com/images?q=tbn:ANd9GcTjQfUyt8Q4ypHfybtL4EZkom5Q3yKa3DTlYQ&s,7/19/2025
Lucas Patel,lucas.patel@example.com,-84.08842,26.70391,https://encrypted-tbn0.gstatic.com/images?q=tbn:ANd9GcTjQfUyt8Q4ypHfybtL4EZkom5Q3yKa3DTlYQ&s,3/12/2025
Rowan Lee,rowan.lee@fakemail.org,-97.91127,40.14133,https://encrypted-tbn0.gstatic.com/images?q=tbn:ANd9GcTjQfUyt8Q4ypHfybtL4EZkom5Q3yKa3DTlYQ&s,3/15/2024
Cameron Johnson,cameron.johnson517@inboxnow.net,-77.0382,24.58938,https://encrypted-tbn0.gstatic.com/images?q=tbn:ANd9GcTjQfUyt8Q4ypHfybtL4EZkom5Q3yKa3DTlYQ&s,5/2/2025
Sophia Baker,sophia.baker3974@samplemail.io,-67.04065,27.61835,https://encrypted-tbn0.gstatic.com/images?q=tbn:ANd9GcTjQfUyt8Q4ypHfybtL4EZkom5Q3yKa3DTlYQ&s,3/17/2025
Daniel King,daniel.king8001@demo.co,-73.42813,40.50049,https://encrypted-tbn0.gstatic.com/images?q=tbn:ANd9GcTjQfUyt8Q4ypHfybtL4EZkom5Q3yKa3DTlYQ&s,2/6/2025
Mason Baker,mason.baker@mailtest.com,-123.68274,35.34116,https://encrypted-tbn0.gstatic.com/images?q=tbn:ANd9GcTjQfUyt8Q4ypHfybtL4EZkom5Q3yKa3DTlYQ&s,4/18/2025
Mason Sanchez,mason.sanchez@mailtest.com,-73.51082,42.8308,https://encrypted-tbn0.gstatic.com/images?q=tbn:ANd9GcTjQfUyt8Q4ypHfybtL4EZkom5Q3yKa3DTlYQ&s,9/6/2025
Evelyn Nelson,evelyn.nelson3888@inboxnow.net,-99.66708,46.49841,https://encrypted-tbn0.gstatic.com/images?q=tbn:ANd9GcTjQfUyt8Q4ypHfybtL4EZkom5Q3yKa3DTlYQ&s,8/6/2025
Evelyn Green,evelyn.green@demo.co,-73.01173,31.97173,https://encrypted-tbn0.gstatic.com/images?q=tbn:ANd9GcTjQfUyt8Q4ypHfybtL4EZkom5Q3yKa3DTlYQ&s,10/3/2024
Riley Moore,riley.moore5056@fakemail.org,-82.92171,37.72631,https://encrypted-tbn0.gstatic.com/images?q=tbn:ANd9GcTjQfUyt8Q4ypHfybtL4EZkom5Q3yKa3DTlYQ&s,2/10/2025
Scarlett Ng,scarlett.ng3830@mailtest.com,-117.24955,39.57205,https://encrypted-tbn0.gstatic.com/images?q=tbn:ANd9GcTjQfUyt8Q4ypHfybtL4EZkom5Q3yKa3DTlYQ&s,7/21/2024
Luna Roberts,luna.roberts@example.com,-99.63046,30.25429,https://encrypted-tbn0.gstatic.com/images?q=tbn:ANd9GcTjQfUyt8Q4ypHfybtL4EZkom5Q3yKa3DTlYQ&s,8/22/2025
Ethan Anderson,ethan.anderson6191@fakemail.org,-82.72754,42.04001,https://encrypted-tbn0.gstatic.com/images?q=tbn:ANd9GcTjQfUyt8Q4ypHfybtL4EZkom5Q3yKa3DTlYQ&s,3/2/2025
Skye Lewis,skye.lewis@mailtest.com,-90.00653,25.31476,https://encrypted-tbn0.gstatic.com/images?q=tbn:ANd9GcTjQfUyt8Q4ypHfybtL4EZkom5Q3yKa3DTlYQ&s,7/21/2024
Olivia Wilson,olivia.wilson5908@fakemail.org,-84.35925,26.56413,https://encrypted-tbn0.gstatic.com/images?q=tbn:ANd9GcTjQfUyt8Q4ypHfybtL4EZkom5Q3yKa3DTlYQ&s,4/27/2025
Scarlett Walker,scarlett.walker4264@samplemail.io,-92.87497,33.81244,https://encrypted-tbn0.gstatic.com/images?q=tbn:ANd9GcTjQfUyt8Q4ypHfybtL4EZkom5Q3yKa3DTlYQ&s,2/8/2025
Alex Green,alex.green@inboxnow.net,-71.57831,27.44613,https://encrypted-tbn0.gstatic.com/images?q=tbn:ANd9GcTjQfUyt8Q4ypHfybtL4EZkom5Q3yKa3DTlYQ&s,1/21/2024
Avery Nelson,avery.nelson2793@mailtest.com,-68.02795,47.9819,https://encrypted-tbn0.gstatic.com/images?q=tbn:ANd9GcTjQfUyt8Q4ypHfybtL4EZkom5Q3yKa3DTlYQ&s,6/9/2025
Parker Roberts,parker.roberts4796@samplemail.io,-67.28201,47.47309,https://encrypted-tbn0.gstatic.com/images?q=tbn:ANd9GcTjQfUyt8Q4ypHfybtL4EZkom5Q3yKa3DTlYQ&s,4/22/2024
Lucas Green,lucas.green7194@example.com,-116.6476,38.77019,https://encrypted-tbn0.gstatic.com/images?q=tbn:ANd9GcTjQfUyt8Q4ypHfybtL4EZkom5Q3yKa3DTlYQ&s,8/25/2025
Jamie Carter,jamie.carter7386@demo.co,-105.74504,27.48619,https://encrypted-tbn0.gstatic.com/images?q=tbn:ANd9GcTjQfUyt8Q4ypHfybtL4EZkom5Q3yKa3DTlYQ&s,2/3/2024
Parker Johnson,parker.johnson@example.com,-102.97653,47.21075,https://encrypted-tbn0.gstatic.com/images?q=tbn:ANd9GcTjQfUyt8Q4ypHfybtL4EZkom5Q3yKa3DTlYQ&s,6/1/2025
Hannah Adams,hannah.adams@mailtest.com,-68.8469,35.16133,https://encrypted-tbn0.gstatic.com/images?q=tbn:ANd9GcTjQfUyt8Q4ypHfybtL4EZkom5Q3yKa3DTlYQ&s,11/23/2024
Blake Adams,blake.adams84@samplemail.io,-102.96594,48.14216,https://encrypted-tbn0.gstatic.com/images?q=tbn:ANd9GcTjQfUyt8Q4ypHfybtL4EZkom5Q3yKa3DTlYQ&s,6/18/2025
Liam Walker,liam.walker5517@samplemail.io,-73.33529,44.65171,https://encrypted-tbn0.gstatic.com/images?q=tbn:ANd9GcTjQfUyt8Q4ypHfybtL4EZkom5Q3yKa3DTlYQ&s,5/23/2024
Levi Lee,levi.lee1776@demo.co,-72.41856,33.04776,https://encrypted-tbn0.gstatic.com/images?q=tbn:ANd9GcTjQfUyt8Q4ypHfybtL4EZkom5Q3yKa3DTlYQ&s,1/1/2024
Hannah Ng,hannah.ng1926@mailtest.com,-71.23164,42.73751,https://encrypted-tbn0.gstatic.com/images?q=tbn:ANd9GcTjQfUyt8Q4ypHfybtL4EZkom5Q3yKa3DTlYQ&s,6/15/2025
Finley Lopez,finley.lopez2118@samplemail.io,-89.89071,49.24161,https://encrypted-tbn0.gstatic.com/images?q=tbn:ANd9GcTjQfUyt8Q4ypHfybtL4EZkom5Q3yKa3DTlYQ&s,7/26/2024
Benjamin Carter,benjamin.carter@samplemail.io,-87.17241,38.81775,https://encrypted-tbn0.gstatic.com/images?q=tbn:ANd9GcTjQfUyt8Q4ypHfybtL4EZkom5Q3yKa3DTlYQ&s,4/19/2025
Mia Taylor,mia.taylor@samplemail.io,-87.9773,36.33747,https://encrypted-tbn0.gstatic.com/images?q=tbn:ANd9GcTjQfUyt8Q4ypHfybtL4EZkom5Q3yKa3DTlYQ&s,4/27/2024
Avery Parker,avery.parker@fakemail.org,-102.32066,26.2257,https://encrypted-tbn0.gstatic.com/images?q=tbn:ANd9GcTjQfUyt8Q4ypHfybtL4EZkom5Q3yKa3DTlYQ&s,1/11/2024
Jack Lee,jack.lee4863@fakemail.org,-68.28327,47.2085,https://encrypted-tbn0.gstatic.com/images?q=tbn:ANd9GcTjQfUyt8Q4ypHfybtL4EZkom5Q3yKa3DTlYQ&s,10/24/2024
Blake Brown,blake.brown@demo.co,-77.10366,33.84773,https://encrypted-tbn0.gstatic.com/images?q=tbn:ANd9GcTjQfUyt8Q4ypHfybtL4EZkom5Q3yKa3DTlYQ&s,7/27/2025
Hannah Sanchez,hannah.sanchez@demo.co,-102.62259,49.32395,https://encrypted-tbn0.gstatic.com/images?q=tbn:ANd9GcTjQfUyt8Q4ypHfybtL4EZkom5Q3yKa3DTlYQ&s,4/18/2025
Hannah Nelson,hannah.nelson7213@demo.co,-93.20564,38.00909,https://encrypted-tbn0.gstatic.com/images?q=tbn:ANd9GcTjQfUyt8Q4ypHfybtL4EZkom5Q3yKa3DTlYQ&s,7/19/2025
Reese Scott,reese.scott1340@mailtest.com,-82.78177,27.93179,https://encrypted-tbn0.gstatic.com/images?q=tbn:ANd9GcTjQfUyt8Q4ypHfybtL4EZkom5Q3yKa3DTlYQ&s,1/18/2025
Mia Gonzalez,mia.gonzalez1490@demo.co,-79.81651,42.55002,https://encrypted-tbn0.gstatic.com/images?q=tbn:ANd9GcTjQfUyt8Q4ypHfybtL4EZkom5Q3yKa3DTlYQ&s,2/1/2025
Mia Perez,mia.perez6234@example.com,-90.53616,34.37843,https://encrypted-tbn0.gstatic.com/images?q=tbn:ANd9GcTjQfUyt8Q4ypHfybtL4EZkom5Q3yKa3DTlYQ&s,1/27/2024
Mason Ng,mason.ng7863@fakemail.org,-100.12829,48.6124,https://encrypted-tbn0.gstatic.com/images?q=tbn:ANd9GcTjQfUyt8Q4ypHfybtL4EZkom5Q3yKa3DTlYQ&s,7/7/2024
Levi Sharma,levi.sharma2797@example.com,-80.16702,26.13581,https://encrypted-tbn0.gstatic.com/images?q=tbn:ANd9GcTjQfUyt8Q4ypHfybtL4EZkom5Q3yKa3DTlYQ&s,4/7/2024
Reese Nguyen,reese.nguyen@example.com,-120.09573,38.63135,https://encrypted-tbn0.gstatic.com/images?q=tbn:ANd9GcTjQfUyt8Q4ypHfybtL4EZkom5Q3yKa3DTlYQ&s,11/19/2024
Hannah Carter,hannah.carter@example.com,-118.05899,44.62265,https://encrypted-tbn0.gstatic.com/images?q=tbn:ANd9GcTjQfUyt8Q4ypHfybtL4EZkom5Q3yKa3DTlYQ&s,2/15/2024
Elijah Patel,elijah.patel@fakemail.org,-101.33612,34.38394,https://encrypted-tbn0.gstatic.com/images?q=tbn:ANd9GcTjQfUyt8Q4ypHfybtL4EZkom5Q3yKa3DTlYQ&s,1/28/2024
Isabella Wilson,isabella.wilson2251@demo.co,-117.2727,32.35103,https://encrypted-tbn0.gstatic.com/images?q=tbn:ANd9GcTjQfUyt8Q4ypHfybtL4EZkom5Q3yKa3DTlYQ&s,3/28/2024
Jack Campbell,jack.campbell845@samplemail.io,-109.03382,26.01268,https://encrypted-tbn0.gstatic.com/images?q=tbn:ANd9GcTjQfUyt8Q4ypHfybtL4EZkom5Q3yKa3DTlYQ&s,1/30/2025
Jack Adams,jack.adams5702@demo.co,-70.50439,41.68901,https://encrypted-tbn0.gstatic.com/images?q=tbn:ANd9GcTjQfUyt8Q4ypHfybtL4EZkom5Q3yKa3DTlYQ&s,7/9/2024
Ella Rodriguez,ella.rodriguez@demo.co,-122.13217,28.73639,https://encrypted-tbn0.gstatic.com/images?q=tbn:ANd9GcTjQfUyt8Q4ypHfybtL4EZkom5Q3yKa3DTlYQ&s,1/10/2024
Olivia Campbell,olivia.campbell@samplemail.io,-83.12019,43.98992,https://encrypted-tbn0.gstatic.com/images?q=tbn:ANd9GcTjQfUyt8Q4ypHfybtL4EZkom5Q3yKa3DTlYQ&s,6/21/2024
James Parker,james.parker7821@example.com,-112.36954,26.1443,https://encrypted-tbn0.gstatic.com/images?q=tbn:ANd9GcTjQfUyt8Q4ypHfybtL4EZkom5Q3yKa3DTlYQ&s,7/5/2024
Elijah Davis,elijah.davis6036@example.com,-120.1232,35.80098,https://encrypted-tbn0.gstatic.com/images?q=tbn:ANd9GcTjQfUyt8Q4ypHfybtL4EZkom5Q3yKa3DTlYQ&s,9/28/2024
Skye Gonzalez,skye.gonzalez9769@example.com,-113.1887,29.48723,https://encrypted-tbn0.gstatic.com/images?q=tbn:ANd9GcTjQfUyt8Q4ypHfybtL4EZkom5Q3yKa3DTlYQ&s,9/5/2025
Harper Walker,harper.walker@demo.co,-112.51399,38.93814,https://encrypted-tbn0.gstatic.com/images?q=tbn:ANd9GcTjQfUyt8Q4ypHfybtL4EZkom5Q3yKa3DTlYQ&s,11/8/2024
Casey Martin,casey.martin@demo.co,-115.39302,34.19931,https://encrypted-tbn0.gstatic.com/images?q=tbn:ANd9GcTjQfUyt8Q4ypHfybtL4EZkom5Q3yKa3DTlYQ&s,1/4/2024
Avery Anderson,avery.anderson4392@samplemail.io,-123.69639,48.52371,https://encrypted-tbn0.gstatic.com/images?q=tbn:ANd9GcTjQfUyt8Q4ypHfybtL4EZkom5Q3yKa3DTlYQ&s,3/11/2024
Elijah Perez,elijah.perez6974@inboxnow.net,-115.93173,33.03136,https://encrypted-tbn0.gstatic.com/images?q=tbn:ANd9GcTjQfUyt8Q4ypHfybtL4EZkom5Q3yKa3DTlYQ&s,4/13/2024
Drew Wilson,drew.wilson5304@demo.co,-122.90288,48.99144,https://encrypted-tbn0.gstatic.com/images?q=tbn:ANd9GcTjQfUyt8Q4ypHfybtL4EZkom5Q3yKa3DTlYQ&s,8/27/2025
Lucas Carter,lucas.carter1586@fakemail.org,-99.44903,32.46091,https://encrypted-tbn0.gstatic.com/images?q=tbn:ANd9GcTjQfUyt8Q4ypHfybtL4EZkom5Q3yKa3DTlYQ&s,8/26/2025
Olivia Garcia,olivia.garcia@inboxnow.net,-113.02904,41.00624,https://encrypted-tbn0.gstatic.com/images?q=tbn:ANd9GcTjQfUyt8Q4ypHfybtL4EZkom5Q3yKa3DTlYQ&s,6/10/2024
Sophia Lewis,sophia.lewis@samplemail.io,-97.64976,40.66652,https://encrypted-tbn0.gstatic.com/images?q=tbn:ANd9GcTjQfUyt8Q4ypHfybtL4EZkom5Q3yKa3DTlYQ&s,7/20/2025
Charlotte Wright,charlotte.wright5120@example.com,-81.2609,48.79038,https://encrypted-tbn0.gstatic.com/images?q=tbn:ANd9GcTjQfUyt8Q4ypHfybtL4EZkom5Q3yKa3DTlYQ&s,1/4/2024
Skye Clark,skye.clark@samplemail.io,-101.20848,38.79129,https://encrypted-tbn0.gstatic.com/images?q=tbn:ANd9GcTjQfUyt8Q4ypHfybtL4EZkom5Q3yKa3DTlYQ&s,5/22/2024
Scarlett Wright,scarlett.wright4857@inboxnow.net,-72.35193,46.60343,https://encrypted-tbn0.gstatic.com/images?q=tbn:ANd9GcTjQfUyt8Q4ypHfybtL4EZkom5Q3yKa3DTlYQ&s,5/6/2025
Isabella Jackson,isabella.jackson@fakemail.org,-67.10898,45.20849,https://encrypted-tbn0.gstatic.com/images?q=tbn:ANd9GcTjQfUyt8Q4ypHfybtL4EZkom5Q3yKa3DTlYQ&s,7/25/2025
Jamie Turner,jamie.turner5806@fakemail.org,-104.41201,44.91429,https://encrypted-tbn0.gstatic.com/images?q=tbn:ANd9GcTjQfUyt8Q4ypHfybtL4EZkom5Q3yKa3DTlYQ&s,1/1/2024
Amelia Thomas,amelia.thomas8739@example.com,-110.41003,31.6646,https://encrypted-tbn0.gstatic.com/images?q=tbn:ANd9GcTjQfUyt8Q4ypHfybtL4EZkom5Q3yKa3DTlYQ&s,7/7/2024
Lucas Robinson,lucas.robinson@samplemail.io,-108.56284,29.68299,https://encrypted-tbn0.gstatic.com/images?q=tbn:ANd9GcTjQfUyt8Q4ypHfybtL4EZkom5Q3yKa3DTlYQ&s,5/25/2025
Morgan Thomas,morgan.thomas6206@fakemail.org,-113.53234,46.47088,https://encrypted-tbn0.gstatic.com/images?q=tbn:ANd9GcTjQfUyt8Q4ypHfybtL4EZkom5Q3yKa3DTlYQ&s,4/22/2025
Riley Nguyen,riley.nguyen@example.com,-103.01268,25.11745,https://encrypted-tbn0.gstatic.com/images?q=tbn:ANd9GcTjQfUyt8Q4ypHfybtL4EZkom5Q3yKa3DTlYQ&s,9/10/2025
Jamie Kim,jamie.kim1806@mailtest.com,-108.60042,42.15084,https://encrypted-tbn0.gstatic.com/images?q=tbn:ANd9GcTjQfUyt8Q4ypHfybtL4EZkom5Q3yKa3DTlYQ&s,7/5/2025
Amelia Lewis,amelia.lewis5860@mailtest.com,-100.16609,40.4343,https://encrypted-tbn0.gstatic.com/images?q=tbn:ANd9GcTjQfUyt8Q4ypHfybtL4EZkom5Q3yKa3DTlYQ&s,2/2/2024
Charlotte Thompson,charlotte.thompson6544@samplemail.io,-124.30622,46.84434,https://encrypted-tbn0.gstatic.com/images?q=tbn:ANd9GcTjQfUyt8Q4ypHfybtL4EZkom5Q3yKa3DTlYQ&s,3/12/2024
Noah Lopez,noah.lopez@mailtest.com,-111.48058,32.10153,https://encrypted-tbn0.gstatic.com/images?q=tbn:ANd9GcTjQfUyt8Q4ypHfybtL4EZkom5Q3yKa3DTlYQ&s,12/9/2024
Daniel Adams,daniel.adams@samplemail.io,-103.06087,44.26701,https://encrypted-tbn0.gstatic.com/images?q=tbn:ANd9GcTjQfUyt8Q4ypHfybtL4EZkom5Q3yKa3DTlYQ&s,7/3/2024
Isabella Nelson,isabella.nelson@inboxnow.net,-72.63826,45.32372,https://encrypted-tbn0.gstatic.com/images?q=tbn:ANd9GcTjQfUyt8Q4ypHfybtL4EZkom5Q3yKa3DTlYQ&s,1/5/2024
Casey Rodriguez,casey.rodriguez1952@fakemail.org,-124.72915,25.3658,https://encrypted-tbn0.gstatic.com/images?q=tbn:ANd9GcTjQfUyt8Q4ypHfybtL4EZkom5Q3yKa3DTlYQ&s,5/18/2024
Morgan Gonzalez,morgan.gonzalez57@mailtest.com,-116.96523,31.6268,https://encrypted-tbn0.gstatic.com/images?q=tbn:ANd9GcTjQfUyt8Q4ypHfybtL4EZkom5Q3yKa3DTlYQ&s,6/16/2024
Blake Harris,blake.harris1444@fakemail.org,-80.24931,24.51664,https://encrypted-tbn0.gstatic.com/images?q=tbn:ANd9GcTjQfUyt8Q4ypHfybtL4EZkom5Q3yKa3DTlYQ&s,1/2/2025
Jamie Ng,jamie.ng@samplemail.io,-122.94748,43.752,https://encrypted-tbn0.gstatic.com/images?q=tbn:ANd9GcTjQfUyt8Q4ypHfybtL4EZkom5Q3yKa3DTlYQ&s,6/28/2024
Hayden Moore,hayden.moore2480@samplemail.io,-122.62125,25.41958,https://encrypted-tbn0.gstatic.com/images?q=tbn:ANd9GcTjQfUyt8Q4ypHfybtL4EZkom5Q3yKa3DTlYQ&s,1/24/2025
Amelia Brown,amelia.brown@inboxnow.net,-84.04049,39.58581,https://encrypted-tbn0.gstatic.com/images?q=tbn:ANd9GcTjQfUyt8Q4ypHfybtL4EZkom5Q3yKa3DTlYQ&s,7/31/2025
Finley Nguyen,finley.nguyen6691@fakemail.org,-72.48225,38.12939,https://encrypted-tbn0.gstatic.com/images?q=tbn:ANd9GcTjQfUyt8Q4ypHfybtL4EZkom5Q3yKa3DTlYQ&s,6/28/2025
Scarlett Chen,scarlett.chen1723@inboxnow.net,-119.30432,40.90963,https://encrypted-tbn0.gstatic.com/images?q=tbn:ANd9GcTjQfUyt8Q4ypHfybtL4EZkom5Q3yKa3DTlYQ&s,5/9/2025
Noah Ng,noah.ng682@fakemail.org,-112.17706,46.69378,https://encrypted-tbn0.gstatic.com/images?q=tbn:ANd9GcTjQfUyt8Q4ypHfybtL4EZkom5Q3yKa3DTlYQ&s,4/11/2024
Avery Taylor,avery.taylor@fakemail.org,-89.87955,26.04824,https://encrypted-tbn0.gstatic.com/images?q=tbn:ANd9GcTjQfUyt8Q4ypHfybtL4EZkom5Q3yKa3DTlYQ&s,7/2/2025
Hannah Moore,hannah.moore@inboxnow.net,-99.43214,40.73213,https://encrypted-tbn0.gstatic.com/images?q=tbn:ANd9GcTjQfUyt8Q4ypHfybtL4EZkom5Q3yKa3DTlYQ&s,2/12/2025
Aiden Carter,aiden.carter@mailtest.com,-112.46894,27.77972,https://encrypted-tbn0.gstatic.com/images?q=tbn:ANd9GcTjQfUyt8Q4ypHfybtL4EZkom5Q3yKa3DTlYQ&s,4/18/2024
Ethan Sanchez,ethan.sanchez@mailtest.com,-91.37053,42.4963,https://encrypted-tbn0.gstatic.com/images?q=tbn:ANd9GcTjQfUyt8Q4ypHfybtL4EZkom5Q3yKa3DTlYQ&s,2/2/2025
James Hill,james.hill8545@samplemail.io,-82.26999,38.38355,https://encrypted-tbn0.gstatic.com/images?q=tbn:ANd9GcTjQfUyt8Q4ypHfybtL4EZkom5Q3yKa3DTlYQ&s,4/29/2025
Ethan Clark,ethan.clark@samplemail.io,-83.52829,31.97136,https://encrypted-tbn0.gstatic.com/images?q=tbn:ANd9GcTjQfUyt8Q4ypHfybtL4EZkom5Q3yKa3DTlYQ&s,1/16/2024
Olivia Clark,olivia.clark9843@fakemail.org,-92.83172,37.43493,https://encrypted-tbn0.gstatic.com/images?q=tbn:ANd9GcTjQfUyt8Q4ypHfybtL4EZkom5Q3yKa3DTlYQ&s,8/29/2025
Elijah Thompson,elijah.thompson503@example.com,-123.69495,33.45509,https://encrypted-tbn0.gstatic.com/images?q=tbn:ANd9GcTjQfUyt8Q4ypHfybtL4EZkom5Q3yKa3DTlYQ&s,8/7/2024
Charlotte Taylor,charlotte.taylor@samplemail.io,-73.05397,48.71491,https://encrypted-tbn0.gstatic.com/images?q=tbn:ANd9GcTjQfUyt8Q4ypHfybtL4EZkom5Q3yKa3DTlYQ&s,12/10/2024
Hannah Campbell,hannah.campbell4077@samplemail.io,-124.7298,38.32209,https://encrypted-tbn0.gstatic.com/images?q=tbn:ANd9GcTjQfUyt8Q4ypHfybtL4EZkom5Q3yKa3DTlYQ&s,8/11/2024
Harper Hill,harper.hill5142@example.com,-67.42777,29.08391,https://encrypted-tbn0.gstatic.com/images?q=tbn:ANd9GcTjQfUyt8Q4ypHfybtL4EZkom5Q3yKa3DTlYQ&s,6/9/2024
Daniel Young,daniel.young752@demo.co,-81.84932,28.56347,https://encrypted-tbn0.gstatic.com/images?q=tbn:ANd9GcTjQfUyt8Q4ypHfybtL4EZkom5Q3yKa3DTlYQ&s,5/5/2024
Taylor Hill,taylor.hill@example.com,-96.13205,34.95555,https://encrypted-tbn0.gstatic.com/images?q=tbn:ANd9GcTjQfUyt8Q4ypHfybtL4EZkom5Q3yKa3DTlYQ&s,1/31/2025
Jordan Green,jordan.green8212@inboxnow.net,-74.7609,41.51174,https://encrypted-tbn0.gstatic.com/images?q=tbn:ANd9GcTjQfUyt8Q4ypHfybtL4EZkom5Q3yKa3DTlYQ&s,10/26/2024
Daniel Baker,daniel.baker@demo.co,-75.11009,41.99528,https://encrypted-tbn0.gstatic.com/images?q=tbn:ANd9GcTjQfUyt8Q4ypHfybtL4EZkom5Q3yKa3DTlYQ&s,1/5/2025
Drew Lopez,drew.lopez@samplemail.io,-113.57878,35.56478,https://encrypted-tbn0.gstatic.com/images?q=tbn:ANd9GcTjQfUyt8Q4ypHfybtL4EZkom5Q3yKa3DTlYQ&s,3/25/2025
Logan Sanchez,logan.sanchez1826@mailtest.com,-108.4249,36.33208,https://encrypted-tbn0.gstatic.com/images?q=tbn:ANd9GcTjQfUyt8Q4ypHfybtL4EZkom5Q3yKa3DTlYQ&s,9/27/2024
Daniel Allen,daniel.allen@demo.co,-85.26491,45.11659,https://encrypted-tbn0.gstatic.com/images?q=tbn:ANd9GcTjQfUyt8Q4ypHfybtL4EZkom5Q3yKa3DTlYQ&s,4/20/2025
Drew Adams,drew.adams@fakemail.org,-115.02412,25.80999,https://encrypted-tbn0.gstatic.com/images?q=tbn:ANd9GcTjQfUyt8Q4ypHfybtL4EZkom5Q3yKa3DTlYQ&s,3/11/2024
Kai Anderson,kai.anderson@mailtest.com,-96.47692,29.66388,https://encrypted-tbn0.gstatic.com/images?q=tbn:ANd9GcTjQfUyt8Q4ypHfybtL4EZkom5Q3yKa3DTlYQ&s,12/8/2024
Mason Kim,mason.kim5298@mailtest.com,-76.84005,35.90095,https://encrypted-tbn0.gstatic.com/images?q=tbn:ANd9GcTjQfUyt8Q4ypHfybtL4EZkom5Q3yKa3DTlYQ&s,6/13/2024
Morgan Baker,morgan.baker4068@demo.co,-91.46753,42.11262,https://encrypted-tbn0.gstatic.com/images?q=tbn:ANd9GcTjQfUyt8Q4ypHfybtL4EZkom5Q3yKa3DTlYQ&s,12/27/2024
Hannah Sharma,hannah.sharma@inboxnow.net,-123.41534,31.93798,https://encrypted-tbn0.gstatic.com/images?q=tbn:ANd9GcTjQfUyt8Q4ypHfybtL4EZkom5Q3yKa3DTlYQ&s,2/7/2024
Ethan Thomas,ethan.thomas693@inboxnow.net,-121.98926,30.10691,https://encrypted-tbn0.gstatic.com/images?q=tbn:ANd9GcTjQfUyt8Q4ypHfybtL4EZkom5Q3yKa3DTlYQ&s,2/10/2024
Lucas Martin,lucas.martin@example.com,-99.47122,47.1476,https://encrypted-tbn0.gstatic.com/images?q=tbn:ANd9GcTjQfUyt8Q4ypHfybtL4EZkom5Q3yKa3DTlYQ&s,7/7/2025
Scarlett Phillips,scarlett.phillips@inboxnow.net,-71.14333,45.28835,https://encrypted-tbn0.gstatic.com/images?q=tbn:ANd9GcTjQfUyt8Q4ypHfybtL4EZkom5Q3yKa3DTlYQ&s,11/16/2024
Blake Robinson,blake.robinson@samplemail.io,-81.29164,25.39966,https://encrypted-tbn0.gstatic.com/images?q=tbn:ANd9GcTjQfUyt8Q4ypHfybtL4EZkom5Q3yKa3DTlYQ&s,9/11/2024
Jack Davis,jack.davis9962@demo.co,-103.66555,38.84362,https://encrypted-tbn0.gstatic.com/images?q=tbn:ANd9GcTjQfUyt8Q4ypHfybtL4EZkom5Q3yKa3DTlYQ&s,1/24/2025
Harper Allen,harper.allen6351@example.com,-116.08162,26.0903,https://encrypted-tbn0.gstatic.com/images?q=tbn:ANd9GcTjQfUyt8Q4ypHfybtL4EZkom5Q3yKa3DTlYQ&s,1/24/2025
Mason Roberts,mason.roberts8789@example.com,-85.34789,31.7667,https://encrypted-tbn0.gstatic.com/images?q=tbn:ANd9GcTjQfUyt8Q4ypHfybtL4EZkom5Q3yKa3DTlYQ&s,7/1/2025
Jamie Brown,jamie.brown1787@example.com,-98.06792,30.76088,https://encrypted-tbn0.gstatic.com/images?q=tbn:ANd9GcTjQfUyt8Q4ypHfybtL4EZkom5Q3yKa3DTlYQ&s,4/18/2025
Aria Martinez,aria.martinez9940@inboxnow.net,-70.49647,36.40985,https://encrypted-tbn0.gstatic.com/images?q=tbn:ANd9GcTjQfUyt8Q4ypHfybtL4EZkom5Q3yKa3DTlYQ&s,9/4/2024
Daniel Sharma,daniel.sharma1290@demo.co,-119.94157,44.3716,https://encrypted-tbn0.gstatic.com/images?q=tbn:ANd9GcTjQfUyt8Q4ypHfybtL4EZkom5Q3yKa3DTlYQ&s,5/12/2025
Jamie Lee,jamie.lee6222@example.com,-114.47114,30.29745,https://encrypted-tbn0.gstatic.com/images?q=tbn:ANd9GcTjQfUyt8Q4ypHfybtL4EZkom5Q3yKa3DTlYQ&s,8/22/2024
Avery Clark,avery.clark@fakemail.org,-119.37744,32.52904,https://encrypted-tbn0.gstatic.com/images?q=tbn:ANd9GcTjQfUyt8Q4ypHfybtL4EZkom5Q3yKa3DTlYQ&s,8/26/2025
Sebastian Jackson,sebastian.jackson@fakemail.org,-100.56614,26.10176,https://encrypted-tbn0.gstatic.com/images?q=tbn:ANd9GcTjQfUyt8Q4ypHfybtL4EZkom5Q3yKa3DTlYQ&s,1/9/2024
Ethan Rivera,ethan.rivera@example.com,-97.85481,46.56699,https://encrypted-tbn0.gstatic.com/images?q=tbn:ANd9GcTjQfUyt8Q4ypHfybtL4EZkom5Q3yKa3DTlYQ&s,1/12/2025
Luna Harris,luna.harris@mailtest.com,-78.90462,30.05888,https://encrypted-tbn0.gstatic.com/images?q=tbn:ANd9GcTjQfUyt8Q4ypHfybtL4EZkom5Q3yKa3DTlYQ&s,1/5/2025
Ella Hill,ella.hill@samplemail.io,-117.15883,29.14323,https://encrypted-tbn0.gstatic.com/images?q=tbn:ANd9GcTjQfUyt8Q4ypHfybtL4EZkom5Q3yKa3DTlYQ&s,8/28/2024
Casey Rivera,casey.rivera@samplemail.io,-121.81826,42.31376,https://encrypted-tbn0.gstatic.com/images?q=tbn:ANd9GcTjQfUyt8Q4ypHfybtL4EZkom5Q3yKa3DTlYQ&s,6/26/2025
Amelia Nelson,amelia.nelson4564@example.com,-88.62287,26.87538,https://encrypted-tbn0.gstatic.com/images?q=tbn:ANd9GcTjQfUyt8Q4ypHfybtL4EZkom5Q3yKa3DTlYQ&s,4/26/2024
Hannah Lee,hannah.lee@samplemail.io,-122.845,25.42225,https://encrypted-tbn0.gstatic.com/images?q=tbn:ANd9GcTjQfUyt8Q4ypHfybtL4EZkom5Q3yKa3DTlYQ&s,2/2/2024
Rowan Sharma,rowan.sharma9098@inboxnow.net,-80.70538,36.67462,https://encrypted-tbn0.gstatic.com/images?q=tbn:ANd9GcTjQfUyt8Q4ypHfybtL4EZkom5Q3yKa3DTlYQ&s,11/3/2024
James Martin,james.martin@fakemail.org,-73.66939,36.31998,https://encrypted-tbn0.gstatic.com/images?q=tbn:ANd9GcTjQfUyt8Q4ypHfybtL4EZkom5Q3yKa3DTlYQ&s,6/18/2025
Jamie King,jamie.king9364@demo.co,-74.66496,34.53654,https://encrypted-tbn0.gstatic.com/images?q=tbn:ANd9GcTjQfUyt8Q4ypHfybtL4EZkom5Q3yKa3DTlYQ&s,6/4/2024
Levi Lopez,levi.lopez9419@demo.co,-68.37031,33.97315,https://encrypted-tbn0.gstatic.com/images?q=tbn:ANd9GcTjQfUyt8Q4ypHfybtL4EZkom5Q3yKa3DTlYQ&s,2/21/2024
Aria Nelson,aria.nelson@fakemail.org,-94.32795,36.99027,https://encrypted-tbn0.gstatic.com/images?q=tbn:ANd9GcTjQfUyt8Q4ypHfybtL4EZkom5Q3yKa3DTlYQ&s,6/20/2024
Aiden Lewis,aiden.lewis@inboxnow.net,-73.64566,32.73431,https://encrypted-tbn0.gstatic.com/images?q=tbn:ANd9GcTjQfUyt8Q4ypHfybtL4EZkom5Q3yKa3DTlYQ&s,5/8/2025
Benjamin Martinez,benjamin.martinez319@samplemail.io,-75.85503,46.0024,https://encrypted-tbn0.gstatic.com/images?q=tbn:ANd9GcTjQfUyt8Q4ypHfybtL4EZkom5Q3yKa3DTlYQ&s,8/14/2025
Elijah Clark,elijah.clark9525@mailtest.com,-105.06541,42.39033,https://encrypted-tbn0.gstatic.com/images?q=tbn:ANd9GcTjQfUyt8Q4ypHfybtL4EZkom5Q3yKa3DTlYQ&s,11/7/2024
Amelia Roberts,amelia.roberts@samplemail.io,-98.62407,26.22519,https://encrypted-tbn0.gstatic.com/images?q=tbn:ANd9GcTjQfUyt8Q4ypHfybtL4EZkom5Q3yKa3DTlYQ&s,2/11/2024
Taylor Taylor,taylor.taylor1009@samplemail.io,-122.67558,43.14595,https://encrypted-tbn0.gstatic.com/images?q=tbn:ANd9GcTjQfUyt8Q4ypHfybtL4EZkom5Q3yKa3DTlYQ&s,1/13/2024
Henry Mitchell,henry.mitchell525@example.com,-77.9639,49.20111,https://encrypted-tbn0.gstatic.com/images?q=tbn:ANd9GcTjQfUyt8Q4ypHfybtL4EZkom5Q3yKa3DTlYQ&s,4/8/2024
Kai Clark,kai.clark1830@example.com,-88.30325,45.2343,https://encrypted-tbn0.gstatic.com/images?q=tbn:ANd9GcTjQfUyt8Q4ypHfybtL4EZkom5Q3yKa3DTlYQ&s,1/27/2025
Luna Thomas,luna.thomas@demo.co,-124.42541,27.17147,https://encrypted-tbn0.gstatic.com/images?q=tbn:ANd9GcTjQfUyt8Q4ypHfybtL4EZkom5Q3yKa3DTlYQ&s,4/30/2024
Parker Green,parker.green1837@inboxnow.net,-89.44996,35.98307,https://encrypted-tbn0.gstatic.com/images?q=tbn:ANd9GcTjQfUyt8Q4ypHfybtL4EZkom5Q3yKa3DTlYQ&s,7/24/2024
Ethan Allen,ethan.allen5695@samplemail.io,-67.99354,48.88578,https://encrypted-tbn0.gstatic.com/images?q=tbn:ANd9GcTjQfUyt8Q4ypHfybtL4EZkom5Q3yKa3DTlYQ&s,4/7/2024
Isabella Moore,isabella.moore3949@example.com,-105.32742,31.03952,https://encrypted-tbn0.gstatic.com/images?q=tbn:ANd9GcTjQfUyt8Q4ypHfybtL4EZkom5Q3yKa3DTlYQ&s,3/9/2025
Casey Walker,casey.walker4786@fakemail.org,-84.39446,29.36742,https://encrypted-tbn0.gstatic.com/images?q=tbn:ANd9GcTjQfUyt8Q4ypHfybtL4EZkom5Q3yKa3DTlYQ&s,6/8/2024
Taylor Baker,taylor.baker@demo.co,-118.60279,33.79683,https://encrypted-tbn0.gstatic.com/images?q=tbn:ANd9GcTjQfUyt8Q4ypHfybtL4EZkom5Q3yKa3DTlYQ&s,1/14/2024
Quinn Anderson,quinn.anderson5871@samplemail.io,-105.18366,32.10991,https://encrypted-tbn0.gstatic.com/images?q=tbn:ANd9GcTjQfUyt8Q4ypHfybtL4EZkom5Q3yKa3DTlYQ&s,12/16/2024
Charlotte Taylor,charlotte.taylor8271@mailtest.com,-110.64411,25.75607,https://encrypted-tbn0.gstatic.com/images?q=tbn:ANd9GcTjQfUyt8Q4ypHfybtL4EZkom5Q3yKa3DTlYQ&s,3/28/2024
Mia Kim,mia.kim9084@example.com,-88.57333,32.17711,https://encrypted-tbn0.gstatic.com/images?q=tbn:ANd9GcTjQfUyt8Q4ypHfybtL4EZkom5Q3yKa3DTlYQ&s,11/30/2024
Scarlett King,scarlett.king1259@samplemail.io,-89.9849,31.70306,https://encrypted-tbn0.gstatic.com/images?q=tbn:ANd9GcTjQfUyt8Q4ypHfybtL4EZkom5Q3yKa3DTlYQ&s,4/30/2024
Alex Martinez,alex.martinez7033@demo.co,-118.25382,42.59604,https://encrypted-tbn0.gstatic.com/images?q=tbn:ANd9GcTjQfUyt8Q4ypHfybtL4EZkom5Q3yKa3DTlYQ&s,2/8/2024
Blake White,blake.white2630@fakemail.org,-67.67777,30.87943,https://encrypted-tbn0.gstatic.com/images?q=tbn:ANd9GcTjQfUyt8Q4ypHfybtL4EZkom5Q3yKa3DTlYQ&s,5/8/2025
Olivia Martin,olivia.martin3549@mailtest.com,-118.16868,31.19188,https://encrypted-tbn0.gstatic.com/images?q=tbn:ANd9GcTjQfUyt8Q4ypHfybtL4EZkom5Q3yKa3DTlYQ&s,3/7/2025
Quinn Davis,quinn.davis@fakemail.org,-89.41519,34.74281,https://encrypted-tbn0.gstatic.com/images?q=tbn:ANd9GcTjQfUyt8Q4ypHfybtL4EZkom5Q3yKa3DTlYQ&s,8/17/2024
William King,william.king@inboxnow.net,-123.68996,25.64345,https://encrypted-tbn0.gstatic.com/images?q=tbn:ANd9GcTjQfUyt8Q4ypHfybtL4EZkom5Q3yKa3DTlYQ&s,9/21/2024
Evelyn Wilson,evelyn.wilson@inboxnow.net,-108.47955,47.05797,https://encrypted-tbn0.gstatic.com/images?q=tbn:ANd9GcTjQfUyt8Q4ypHfybtL4EZkom5Q3yKa3DTlYQ&s,6/26/2024
Hannah Martin,hannah.martin7356@fakemail.org,-94.21475,36.82183,https://encrypted-tbn0.gstatic.com/images?q=tbn:ANd9GcTjQfUyt8Q4ypHfybtL4EZkom5Q3yKa3DTlYQ&s,5/8/2024
James Nelson,james.nelson2543@samplemail.io,-121.71808,33.73437,https://encrypted-tbn0.gstatic.com/images?q=tbn:ANd9GcTjQfUyt8Q4ypHfybtL4EZkom5Q3yKa3DTlYQ&s,3/10/2024
Cameron Sharma,cameron.sharma2359@inboxnow.net,-71.92924,25.36186,https://encrypted-tbn0.gstatic.com/images?q=tbn:ANd9GcTjQfUyt8Q4ypHfybtL4EZkom5Q3yKa3DTlYQ&s,3/8/2025
Sebastian Kim,sebastian.kim@fakemail.org,-82.96715,46.89376,https://encrypted-tbn0.gstatic.com/images?q=tbn:ANd9GcTjQfUyt8Q4ypHfybtL4EZkom5Q3yKa3DTlYQ&s,6/20/2025
Liam Campbell,liam.campbell@example.com,-68.9909,33.99947,https://encrypted-tbn0.gstatic.com/images?q=tbn:ANd9GcTjQfUyt8Q4ypHfybtL4EZkom5Q3yKa3DTlYQ&s,1/18/2025
Scarlett Rivera,scarlett.rivera@example.com,-70.75052,35.35553,https://encrypted-tbn0.gstatic.com/images?q=tbn:ANd9GcTjQfUyt8Q4ypHfybtL4EZkom5Q3yKa3DTlYQ&s,1/30/2024
Daniel Mitchell,daniel.mitchell4252@samplemail.io,-118.91632,29.43349,https://encrypted-tbn0.gstatic.com/images?q=tbn:ANd9GcTjQfUyt8Q4ypHfybtL4EZkom5Q3yKa3DTlYQ&s,8/27/2025
Hayden Kim,hayden.kim@example.com,-121.88009,28.26455,https://encrypted-tbn0.gstatic.com/images?q=tbn:ANd9GcTjQfUyt8Q4ypHfybtL4EZkom5Q3yKa3DTlYQ&s,2/24/2024
Taylor Garcia,taylor.garcia@inboxnow.net,-116.12877,47.53183,https://encrypted-tbn0.gstatic.com/images?q=tbn:ANd9GcTjQfUyt8Q4ypHfybtL4EZkom5Q3yKa3DTlYQ&s,9/15/2024
Benjamin Campbell,benjamin.campbell8286@demo.co,-118.1494,40.93884,https://encrypted-tbn0.gstatic.com/images?q=tbn:ANd9GcTjQfUyt8Q4ypHfybtL4EZkom5Q3yKa3DTlYQ&s,3/5/2025
Aiden Chen,aiden.chen@samplemail.io,-95.33978,48.85619,https://encrypted-tbn0.gstatic.com/images?q=tbn:ANd9GcTjQfUyt8Q4ypHfybtL4EZkom5Q3yKa3DTlYQ&s,3/18/2025
Jordan Anderson,jordan.anderson8488@mailtest.com,-102.91693,25.13629,https://encrypted-tbn0.gstatic.com/images?q=tbn:ANd9GcTjQfUyt8Q4ypHfybtL4EZkom5Q3yKa3DTlYQ&s,5/21/2025
Isabella Lopez,isabella.lopez@fakemail.org,-111.12728,29.73635,https://encrypted-tbn0.gstatic.com/images?q=tbn:ANd9GcTjQfUyt8Q4ypHfybtL4EZkom5Q3yKa3DTlYQ&s,3/24/2024
Reese Jackson,reese.jackson@samplemail.io,-108.90383,44.58118,https://encrypted-tbn0.gstatic.com/images?q=tbn:ANd9GcTjQfUyt8Q4ypHfybtL4EZkom5Q3yKa3DTlYQ&s,11/8/2024
Ethan Lopez,ethan.lopez@mailtest.com,-115.10363,24.53261,https://encrypted-tbn0.gstatic.com/images?q=tbn:ANd9GcTjQfUyt8Q4ypHfybtL4EZkom5Q3yKa3DTlYQ&s,1/18/2025
Sebastian Perez,sebastian.perez8411@samplemail.io,-69.28226,24.52168,https://encrypted-tbn0.gstatic.com/images?q=tbn:ANd9GcTjQfUyt8Q4ypHfybtL4EZkom5Q3yKa3DTlYQ&s,1/20/2024
Jordan Patel,jordan.patel1657@inboxnow.net,-94.50458,43.1946,https://encrypted-tbn0.gstatic.com/images?q=tbn:ANd9GcTjQfUyt8Q4ypHfybtL4EZkom5Q3yKa3DTlYQ&s,7/18/2025
Emerson Robinson,emerson.robinson@inboxnow.net,-113.52104,29.90651,https://encrypted-tbn0.gstatic.com/images?q=tbn:ANd9GcTjQfUyt8Q4ypHfybtL4EZkom5Q3yKa3DTlYQ&s,7/7/2025
Ethan Nelson,ethan.nelson9647@mailtest.com,-92.93331,30.88602,https://encrypted-tbn0.gstatic.com/images?q=tbn:ANd9GcTjQfUyt8Q4ypHfybtL4EZkom5Q3yKa3DTlYQ&s,8/11/2025
Skye Jackson,skye.jackson@fakemail.org,-109.32385,25.00946,https://encrypted-tbn0.gstatic.com/images?q=tbn:ANd9GcTjQfUyt8Q4ypHfybtL4EZkom5Q3yKa3DTlYQ&s,12/25/2024
Ethan Sanchez,ethan.sanchez1658@samplemail.io,-110.86919,43.99304,https://encrypted-tbn0.gstatic.com/images?q=tbn:ANd9GcTjQfUyt8Q4ypHfybtL4EZkom5Q3yKa3DTlYQ&s,7/27/2024
Cameron Kim,cameron.kim@example.com,-100.90835,33.17291,https://encrypted-tbn0.gstatic.com/images?q=tbn:ANd9GcTjQfUyt8Q4ypHfybtL4EZkom5Q3yKa3DTlYQ&s,2/25/2024
Aria Scott,aria.scott504@demo.co,-109.604,36.34079,https://encrypted-tbn0.gstatic.com/images?q=tbn:ANd9GcTjQfUyt8Q4ypHfybtL4EZkom5Q3yKa3DTlYQ&s,4/12/2025
Aiden Lewis,aiden.lewis@mailtest.com,-111.40622,32.56226,https://encrypted-tbn0.gstatic.com/images?q=tbn:ANd9GcTjQfUyt8Q4ypHfybtL4EZkom5Q3yKa3DTlYQ&s,5/23/2024
Nora Lopez,nora.lopez4410@samplemail.io,-77.3511,34.41891,https://encrypted-tbn0.gstatic.com/images?q=tbn:ANd9GcTjQfUyt8Q4ypHfybtL4EZkom5Q3yKa3DTlYQ&s,6/15/2025
Quinn Clark,quinn.clark@samplemail.io,-87.7046,29.43644,https://encrypted-tbn0.gstatic.com/images?q=tbn:ANd9GcTjQfUyt8Q4ypHfybtL4EZkom5Q3yKa3DTlYQ&s,12/22/2024
Jordan Robinson,jordan.robinson7964@inboxnow.net,-78.19969,48.52632,https://encrypted-tbn0.gstatic.com/images?q=tbn:ANd9GcTjQfUyt8Q4ypHfybtL4EZkom5Q3yKa3DTlYQ&s,8/13/2025
Logan Adams,logan.adams@fakemail.org,-102.94941,31.44593,https://encrypted-tbn0.gstatic.com/images?q=tbn:ANd9GcTjQfUyt8Q4ypHfybtL4EZkom5Q3yKa3DTlYQ&s,6/15/2024
Mia Mitchell,mia.mitchell6559@mailtest.com,-109.86189,35.88698,https://encrypted-tbn0.gstatic.com/images?q=tbn:ANd9GcTjQfUyt8Q4ypHfybtL4EZkom5Q3yKa3DTlYQ&s,1/17/2024
Scarlett Wright,scarlett.wright@fakemail.org,-89.36556,31.07312,https://encrypted-tbn0.gstatic.com/images?q=tbn:ANd9GcTjQfUyt8Q4ypHfybtL4EZkom5Q3yKa3DTlYQ&s,6/3/2024
Ethan Turner,ethan.turner9696@inboxnow.net,-104.06414,35.60528,https://encrypted-tbn0.gstatic.com/images?q=tbn:ANd9GcTjQfUyt8Q4ypHfybtL4EZkom5Q3yKa3DTlYQ&s,1/14/2024
Levi Johnson,levi.johnson7586@fakemail.org,-109.61979,34.64744,https://encrypted-tbn0.gstatic.com/images?q=tbn:ANd9GcTjQfUyt8Q4ypHfybtL4EZkom5Q3yKa3DTlYQ&s,12/24/2024
Hayden Hill,hayden.hill7963@demo.co,-113.51569,47.5946,https://encrypted-tbn0.gstatic.com/images?q=tbn:ANd9GcTjQfUyt8Q4ypHfybtL4EZkom5Q3yKa3DTlYQ&s,5/23/2024
Noah Walker,noah.walker2304@samplemail.io,-121.38344,24.58576,https://encrypted-tbn0.gstatic.com/images?q=tbn:ANd9GcTjQfUyt8Q4ypHfybtL4EZkom5Q3yKa3DTlYQ&s,2/25/2025
Amelia Allen,amelia.allen4188@mailtest.com,-121.9864,36.79939,https://encrypted-tbn0.gstatic.com/images?q=tbn:ANd9GcTjQfUyt8Q4ypHfybtL4EZkom5Q3yKa3DTlYQ&s,12/11/2024
Avery Harris,avery.harris@example.com,-114.79093,25.1764,https://encrypted-tbn0.gstatic.com/images?q=tbn:ANd9GcTjQfUyt8Q4ypHfybtL4EZkom5Q3yKa3DTlYQ&s,8/21/2025
Cameron Allen,cameron.allen8513@example.com,-78.98564,48.14766,https://encrypted-tbn0.gstatic.com/images?q=tbn:ANd9GcTjQfUyt8Q4ypHfybtL4EZkom5Q3yKa3DTlYQ&s,7/20/2025
Henry Wright,henry.wright@samplemail.io,-100.9858,39.77311,https://encrypted-tbn0.gstatic.com/images?q=tbn:ANd9GcTjQfUyt8Q4ypHfybtL4EZkom5Q3yKa3DTlYQ&s,3/18/2024
Benjamin White,benjamin.white5119@example.com,-119.9011,28.74139,https://encrypted-tbn0.gstatic.com/images?q=tbn:ANd9GcTjQfUyt8Q4ypHfybtL4EZkom5Q3yKa3DTlYQ&s,6/5/2025
Evelyn Scott,evelyn.scott@demo.co,-114.55648,25.36405,https://encrypted-tbn0.gstatic.com/images?q=tbn:ANd9GcTjQfUyt8Q4ypHfybtL4EZkom5Q3yKa3DTlYQ&s,9/17/2024
Sebastian Anderson,sebastian.anderson4123@mailtest.com,-81.65094,37.98009,https://encrypted-tbn0.gstatic.com/images?q=tbn:ANd9GcTjQfUyt8Q4ypHfybtL4EZkom5Q3yKa3DTlYQ&s,9/5/2025
Ella Lopez,ella.lopez@samplemail.io,-112.24078,44.37183,https://encrypted-tbn0.gstatic.com/images?q=tbn:ANd9GcTjQfUyt8Q4ypHfybtL4EZkom5Q3yKa3DTlYQ&s,7/9/2024
Mia Martin,mia.martin@demo.co,-107.13478,31.81754,https://encrypted-tbn0.gstatic.com/images?q=tbn:ANd9GcTjQfUyt8Q4ypHfybtL4EZkom5Q3yKa3DTlYQ&s,12/29/2024
Morgan Adams,morgan.adams6146@mailtest.com,-91.1456,34.92337,https://encrypted-tbn0.gstatic.com/images?q=tbn:ANd9GcTjQfUyt8Q4ypHfybtL4EZkom5Q3yKa3DTlYQ&s,4/13/2025
Riley Carter,riley.carter@demo.co,-103.96572,49.35246,https://encrypted-tbn0.gstatic.com/images?q=tbn:ANd9GcTjQfUyt8Q4ypHfybtL4EZkom5Q3yKa3DTlYQ&s,5/8/2024
Lucas Harris,lucas.harris8707@demo.co,-92.31515,33.67599,https://encrypted-tbn0.gstatic.com/images?q=tbn:ANd9GcTjQfUyt8Q4ypHfybtL4EZkom5Q3yKa3DTlYQ&s,6/28/2025
Daniel Wright,daniel.wright5368@mailtest.com,-95.32703,27.09,https://encrypted-tbn0.gstatic.com/images?q=tbn:ANd9GcTjQfUyt8Q4ypHfybtL4EZkom5Q3yKa3DTlYQ&s,7/2/2024
Taylor Lewis,taylor.lewis2173@inboxnow.net,-119.88153,24.91527,https://encrypted-tbn0.gstatic.com/images?q=tbn:ANd9GcTjQfUyt8Q4ypHfybtL4EZkom5Q3yKa3DTlYQ&s,7/22/2024
Jordan Carter,jordan.carter@samplemail.io,-81.44229,25.61004,https://encrypted-tbn0.gstatic.com/images?q=tbn:ANd9GcTjQfUyt8Q4ypHfybtL4EZkom5Q3yKa3DTlYQ&s,7/13/2025
Liam Martin,liam.martin8409@inboxnow.net,-106.16531,29.22621,https://encrypted-tbn0.gstatic.com/images?q=tbn:ANd9GcTjQfUyt8Q4ypHfybtL4EZkom5Q3yKa3DTlYQ&s,3/13/2024
James Hill,james.hill@inboxnow.net,-110.91479,24.61657,https://encrypted-tbn0.gstatic.com/images?q=tbn:ANd9GcTjQfUyt8Q4ypHfybtL4EZkom5Q3yKa3DTlYQ&s,4/19/2025
Harper Gonzalez,harper.gonzalez@fakemail.org,-110.70138,31.03141,https://encrypted-tbn0.gstatic.com/images?q=tbn:ANd9GcTjQfUyt8Q4ypHfybtL4EZkom5Q3yKa3DTlYQ&s,9/29/2024
Scarlett Hill,scarlett.hill@inboxnow.net,-109.46786,34.0745,https://encrypted-tbn0.gstatic.com/images?q=tbn:ANd9GcTjQfUyt8Q4ypHfybtL4EZkom5Q3yKa3DTlYQ&s,3/6/2024
Nora Turner,nora.turner5999@mailtest.com,-94.65982,40.42779,https://encrypted-tbn0.gstatic.com/images?q=tbn:ANd9GcTjQfUyt8Q4ypHfybtL4EZkom5Q3yKa3DTlYQ&s,7/4/2024
Mia Turner,mia.turner9648@mailtest.com,-74.75001,40.21388,https://encrypted-tbn0.gstatic.com/images?q=tbn:ANd9GcTjQfUyt8Q4ypHfybtL4EZkom5Q3yKa3DTlYQ&s,10/2/2024
Sophia Lopez,sophia.lopez6563@mailtest.com,-92.65498,31.11783,https://encrypted-tbn0.gstatic.com/images?q=tbn:ANd9GcTjQfUyt8Q4ypHfybtL4EZkom5Q3yKa3DTlYQ&s,2/15/2024
Skye White,skye.white@fakemail.org,-106.87481,25.42423,https://encrypted-tbn0.gstatic.com/images?q=tbn:ANd9GcTjQfUyt8Q4ypHfybtL4EZkom5Q3yKa3DTlYQ&s,4/24/2024
Hayden Rodriguez,hayden.rodriguez5417@demo.co,-99.94023,33.86616,https://encrypted-tbn0.gstatic.com/images?q=tbn:ANd9GcTjQfUyt8Q4ypHfybtL4EZkom5Q3yKa3DTlYQ&s,3/16/2024
Daniel Walker,daniel.walker5822@mailtest.com,-107.11578,27.7186,https://encrypted-tbn0.gstatic.com/images?q=tbn:ANd9GcTjQfUyt8Q4ypHfybtL4EZkom5Q3yKa3DTlYQ&s,4/11/2025
Harper Moore,harper.moore@mailtest.com,-87.19433,29.71342,https://encrypted-tbn0.gstatic.com/images?q=tbn:ANd9GcTjQfUyt8Q4ypHfybtL4EZkom5Q3yKa3DTlYQ&s,8/16/2025
Finley Rodriguez,finley.rodriguez8235@mailtest.com,-69.8939,36.10953,https://encrypted-tbn0.gstatic.com/images?q=tbn:ANd9GcTjQfUyt8Q4ypHfybtL4EZkom5Q3yKa3DTlYQ&s,7/25/2024
Evelyn Campbell,evelyn.campbell@inboxnow.net,-79.42232,46.38611,https://encrypted-tbn0.gstatic.com/images?q=tbn:ANd9GcTjQfUyt8Q4ypHfybtL4EZkom5Q3yKa3DTlYQ&s,12/23/2024
Daniel Lee,daniel.lee@mailtest.com,-79.61361,45.71944,https://encrypted-tbn0.gstatic.com/images?q=tbn:ANd9GcTjQfUyt8Q4ypHfybtL4EZkom5Q3yKa3DTlYQ&s,10/18/2024
Cameron Roberts,cameron.roberts3417@inboxnow.net,-98.02789,36.36235,https://encrypted-tbn0.gstatic.com/images?q=tbn:ANd9GcTjQfUyt8Q4ypHfybtL4EZkom5Q3yKa3DTlYQ&s,1/20/2025
Hannah Garcia,hannah.garcia@demo.co,-103.12385,49.119,https://encrypted-tbn0.gstatic.com/images?q=tbn:ANd9GcTjQfUyt8Q4ypHfybtL4EZkom5Q3yKa3DTlYQ&s,10/25/2024
Mason Roberts,mason.roberts@samplemail.io,-122.02336,46.03867,https://encrypted-tbn0.gstatic.com/images?q=tbn:ANd9GcTjQfUyt8Q4ypHfybtL4EZkom5Q3yKa3DTlYQ&s,5/11/2024
Alex Rivera,alex.rivera@example.com,-121.89245,48.8942,https://encrypted-tbn0.gstatic.com/images?q=tbn:ANd9GcTjQfUyt8Q4ypHfybtL4EZkom5Q3yKa3DTlYQ&s,6/1/2024
Alex Turner,alex.turner@inboxnow.net,-92.08663,31.33873,https://encrypted-tbn0.gstatic.com/images?q=tbn:ANd9GcTjQfUyt8Q4ypHfybtL4EZkom5Q3yKa3DTlYQ&s,2/4/2025
Alex Davis,alex.davis@samplemail.io,-80.21395,27.3524,https://encrypted-tbn0.gstatic.com/images?q=tbn:ANd9GcTjQfUyt8Q4ypHfybtL4EZkom5Q3yKa3DTlYQ&s,2/25/2024
Sophia Patel,sophia.patel@example.com,-89.6955,47.08369,https://encrypted-tbn0.gstatic.com/images?q=tbn:ANd9GcTjQfUyt8Q4ypHfybtL4EZkom5Q3yKa3DTlYQ&s,3/24/2024
Amelia Hill,amelia.hill7762@mailtest.com,-88.46292,40.59181,https://encrypted-tbn0.gstatic.com/images?q=tbn:ANd9GcTjQfUyt8Q4ypHfybtL4EZkom5Q3yKa3DTlYQ&s,7/3/2024
Finley Wilson,finley.wilson@fakemail.org,-96.03454,25.07415,https://encrypted-tbn0.gstatic.com/images?q=tbn:ANd9GcTjQfUyt8Q4ypHfybtL4EZkom5Q3yKa3DTlYQ&s,4/25/2024
Sophia Harris,sophia.harris393@fakemail.org,-123.73237,48.23241,https://encrypted-tbn0.gstatic.com/images?q=tbn:ANd9GcTjQfUyt8Q4ypHfybtL4EZkom5Q3yKa3DTlYQ&s,6/30/2024
Levi Thomas,levi.thomas288@inboxnow.net,-115.80676,26.05119,https://encrypted-tbn0.gstatic.com/images?q=tbn:ANd9GcTjQfUyt8Q4ypHfybtL4EZkom5Q3yKa3DTlYQ&s,8/2/2025
Reese Wilson,reese.wilson@demo.co,-101.46469,28.40521,https://encrypted-tbn0.gstatic.com/images?q=tbn:ANd9GcTjQfUyt8Q4ypHfybtL4EZkom5Q3yKa3DTlYQ&s,4/19/2024
Jack Baker,jack.baker@fakemail.org,-70.20856,42.82336,https://encrypted-tbn0.gstatic.com/images?q=tbn:ANd9GcTjQfUyt8Q4ypHfybtL4EZkom5Q3yKa3DTlYQ&s,12/10/2024
Levi Moore,levi.moore@fakemail.org,-91.17962,48.83074,https://encrypted-tbn0.gstatic.com/images?q=tbn:ANd9GcTjQfUyt8Q4ypHfybtL4EZkom5Q3yKa3DTlYQ&s,2/21/2024
Sebastian Martinez,sebastian.martinez@samplemail.io,-69.68168,37.49529,https://encrypted-tbn0.gstatic.com/images?q=tbn:ANd9GcTjQfUyt8Q4ypHfybtL4EZkom5Q3yKa3DTlYQ&s,4/2/2025
Nora Garcia,nora.garcia@example.com,-73.9786,35.72275,https://encrypted-tbn0.gstatic.com/images?q=tbn:ANd9GcTjQfUyt8Q4ypHfybtL4EZkom5Q3yKa3DTlYQ&s,5/21/2025
Finley Roberts,finley.roberts8788@demo.co,-103.61997,34.3586,https://encrypted-tbn0.gstatic.com/images?q=tbn:ANd9GcTjQfUyt8Q4ypHfybtL4EZkom5Q3yKa3DTlYQ&s,1/19/2024
Morgan Martin,morgan.martin3754@samplemail.io,-104.18579,48.55244,https://encrypted-tbn0.gstatic.com/images?q=tbn:ANd9GcTjQfUyt8Q4ypHfybtL4EZkom5Q3yKa3DTlYQ&s,4/24/2024
Hayden Allen,hayden.allen7812@mailtest.com,-100.48811,45.50661,https://encrypted-tbn0.gstatic.com/images?q=tbn:ANd9GcTjQfUyt8Q4ypHfybtL4EZkom5Q3yKa3DTlYQ&s,10/21/2024
Casey Martin,casey.martin@fakemail.org,-106.65925,36.66821,https://encrypted-tbn0.gstatic.com/images?q=tbn:ANd9GcTjQfUyt8Q4ypHfybtL4EZkom5Q3yKa3DTlYQ&s,6/17/2025
Ella Wilson,ella.wilson2442@demo.co,-97.04239,34.1971,https://encrypted-tbn0.gstatic.com/images?q=tbn:ANd9GcTjQfUyt8Q4ypHfybtL4EZkom5Q3yKa3DTlYQ&s,10/27/2024
Drew Torres,drew.torres@fakemail.org,-114.24251,27.72855,https://encrypted-tbn0.gstatic.com/images?q=tbn:ANd9GcTjQfUyt8Q4ypHfybtL4EZkom5Q3yKa3DTlYQ&s,5/6/2024
Drew Clark,drew.clark2403@fakemail.org,-102.47631,33.76592,https://encrypted-tbn0.gstatic.com/images?q=tbn:ANd9GcTjQfUyt8Q4ypHfybtL4EZkom5Q3yKa3DTlYQ&s,6/6/2025
James Scott,james.scott@fakemail.org,-97.7509,40.62154,https://encrypted-tbn0.gstatic.com/images?q=tbn:ANd9GcTjQfUyt8Q4ypHfybtL4EZkom5Q3yKa3DTlYQ&s,11/2/2024
Jordan Patel,jordan.patel@inboxnow.net,-68.07263,43.90904,https://encrypted-tbn0.gstatic.com/images?q=tbn:ANd9GcTjQfUyt8Q4ypHfybtL4EZkom5Q3yKa3DTlYQ&s,5/29/2025
Lucas Lewis,lucas.lewis@demo.co,-123.6397,38.68641,https://encrypted-tbn0.gstatic.com/images?q=tbn:ANd9GcTjQfUyt8Q4ypHfybtL4EZkom5Q3yKa3DTlYQ&s,7/9/2025
Cameron Martinez,cameron.martinez@inboxnow.net,-69.46671,45.9634,https://encrypted-tbn0.gstatic.com/images?q=tbn:ANd9GcTjQfUyt8Q4ypHfybtL4EZkom5Q3yKa3DTlYQ&s,5/16/2025
Luna Thompson,luna.thompson@demo.co,-94.04857,46.30594,https://encrypted-tbn0.gstatic.com/images?q=tbn:ANd9GcTjQfUyt8Q4ypHfybtL4EZkom5Q3yKa3DTlYQ&s,3/21/2025
Mia Parker,mia.parker@fakemail.org,-85.9185,34.84586,https://encrypted-tbn0.gstatic.com/images?q=tbn:ANd9GcTjQfUyt8Q4ypHfybtL4EZkom5Q3yKa3DTlYQ&s,6/28/2024
Daniel Scott,daniel.scott@example.com,-70.11027,34.86326,https://encrypted-tbn0.gstatic.com/images?q=tbn:ANd9GcTjQfUyt8Q4ypHfybtL4EZkom5Q3yKa3DTlYQ&s,9/3/2025
Casey Chen,casey.chen9501@mailtest.com,-87.79765,34.45609,https://encrypted-tbn0.gstatic.com/images?q=tbn:ANd9GcTjQfUyt8Q4ypHfybtL4EZkom5Q3yKa3DTlYQ&s,5/2/2025
Taylor Taylor,taylor.taylor@fakemail.org,-123.1885,31.85205,https://encrypted-tbn0.gstatic.com/images?q=tbn:ANd9GcTjQfUyt8Q4ypHfybtL4EZkom5Q3yKa3DTlYQ&s,4/29/2024
Olivia Parker,olivia.parker@fakemail.org,-81.44062,49.12819,https://encrypted-tbn0.gstatic.com/images?q=tbn:ANd9GcTjQfUyt8Q4ypHfybtL4EZkom5Q3yKa3DTlYQ&s,9/27/2024
Evelyn Nguyen,evelyn.nguyen@fakemail.org,-113.51088,35.17515,https://encrypted-tbn0.gstatic.com/images?q=tbn:ANd9GcTjQfUyt8Q4ypHfybtL4EZkom5Q3yKa3DTlYQ&s,5/30/2025
Lucas Thomas,lucas.thomas6411@fakemail.org,-104.03668,34.4318,https://encrypted-tbn0.gstatic.com/images?q=tbn:ANd9GcTjQfUyt8Q4ypHfybtL4EZkom5Q3yKa3DTlYQ&s,1/24/2025
Liam Allen,liam.allen@example.com,-85.23301,26.597,https://encrypted-tbn0.gstatic.com/images?q=tbn:ANd9GcTjQfUyt8Q4ypHfybtL4EZkom5Q3yKa3DTlYQ&s,11/12/2024
Amelia Rivera,amelia.rivera@fakemail.org,-77.11025,43.03588,https://encrypted-tbn0.gstatic.com/images?q=tbn:ANd9GcTjQfUyt8Q4ypHfybtL4EZkom5Q3yKa3DTlYQ&s,9/21/2024
Cameron Carter,cameron.carter8211@samplemail.io,-118.758,38.22149,https://encrypted-tbn0.gstatic.com/images?q=tbn:ANd9GcTjQfUyt8Q4ypHfybtL4EZkom5Q3yKa3DTlYQ&s,12/20/2024
James Nguyen,james.nguyen@inboxnow.net,-78.58962,37.80255,https://encrypted-tbn0.gstatic.com/images?q=tbn:ANd9GcTjQfUyt8Q4ypHfybtL4EZkom5Q3yKa3DTlYQ&s,10/24/2024
Jamie Chen,jamie.chen@demo.co,-103.74268,45.72131,https://encrypted-tbn0.gstatic.com/images?q=tbn:ANd9GcTjQfUyt8Q4ypHfybtL4EZkom5Q3yKa3DTlYQ&s,11/6/2024
Jordan Scott,jordan.scott@fakemail.org,-124.70648,43.87858,https://encrypted-tbn0.gstatic.com/images?q=tbn:ANd9GcTjQfUyt8Q4ypHfybtL4EZkom5Q3yKa3DTlYQ&s,6/22/2024
William Robinson,william.robinson3633@samplemail.io,-85.66696,34.50306,https://encrypted-tbn0.gstatic.com/images?q=tbn:ANd9GcTjQfUyt8Q4ypHfybtL4EZkom5Q3yKa3DTlYQ&s,1/26/2024
Taylor Scott,taylor.scott8924@example.com,-88.75286,37.30347,https://encrypted-tbn0.gstatic.com/images?q=tbn:ANd9GcTjQfUyt8Q4ypHfybtL4EZkom5Q3yKa3DTlYQ&s,4/26/2024
Scarlett Garcia,scarlett.garcia8747@example.com,-79.93081,45.73841,https://encrypted-tbn0.gstatic.com/images?q=tbn:ANd9GcTjQfUyt8Q4ypHfybtL4EZkom5Q3yKa3DTlYQ&s,1/12/2025
Harper Rivera,harper.rivera1123@inboxnow.net,-105.08393,27.9859,https://encrypted-tbn0.gstatic.com/images?q=tbn:ANd9GcTjQfUyt8Q4ypHfybtL4EZkom5Q3yKa3DTlYQ&s,1/17/2024
Hannah Sharma,hannah.sharma@fakemail.org,-87.16099,35.77089,https://encrypted-tbn0.gstatic.com/images?q=tbn:ANd9GcTjQfUyt8Q4ypHfybtL4EZkom5Q3yKa3DTlYQ&s,3/27/2024
Casey Anderson,casey.anderson2253@inboxnow.net,-68.13672,26.49248,https://encrypted-tbn0.gstatic.com/images?q=tbn:ANd9GcTjQfUyt8Q4ypHfybtL4EZkom5Q3yKa3DTlYQ&s,4/1/2024
Noah Gonzalez,noah.gonzalez2263@mailtest.com,-68.81566,42.15165,https://encrypted-tbn0.gstatic.com/images?q=tbn:ANd9GcTjQfUyt8Q4ypHfybtL4EZkom5Q3yKa3DTlYQ&s,1/16/2024
Finley Jackson,finley.jackson2799@samplemail.io,-81.71336,48.65573,https://encrypted-tbn0.gstatic.com/images?q=tbn:ANd9GcTjQfUyt8Q4ypHfybtL4EZkom5Q3yKa3DTlYQ&s,11/6/2024
Daniel Turner,daniel.turner5866@example.com,-87.82979,43.0969,https://encrypted-tbn0.gstatic.com/images?q=tbn:ANd9GcTjQfUyt8Q4ypHfybtL4EZkom5Q3yKa3DTlYQ&s,3/14/2024
Luna Taylor,luna.taylor@fakemail.org,-99.59955,45.51097,https://encrypted-tbn0.gstatic.com/images?q=tbn:ANd9GcTjQfUyt8Q4ypHfybtL4EZkom5Q3yKa3DTlYQ&s,6/11/2025
Alex Martinez,alex.martinez@mailtest.com,-81.09265,41.8365,https://encrypted-tbn0.gstatic.com/images?q=tbn:ANd9GcTjQfUyt8Q4ypHfybtL4EZkom5Q3yKa3DTlYQ&s,5/26/2024
Reese Rivera,reese.rivera1497@mailtest.com,-92.77993,29.08503,https://encrypted-tbn0.gstatic.com/images?q=tbn:ANd9GcTjQfUyt8Q4ypHfybtL4EZkom5Q3yKa3DTlYQ&s,1/31/2024
William Patel,william.patel594@samplemail.io,-111.38139,34.43012,https://encrypted-tbn0.gstatic.com/images?q=tbn:ANd9GcTjQfUyt8Q4ypHfybtL4EZkom5Q3yKa3DTlYQ&s,4/7/2024
Nora Lopez,nora.lopez1650@demo.co,-81.66457,33.06341,https://encrypted-tbn0.gstatic.com/images?q=tbn:ANd9GcTjQfUyt8Q4ypHfybtL4EZkom5Q3yKa3DTlYQ&s,5/21/2025
Jordan Mitchell,jordan.mitchell@fakemail.org,-90.77515,36.14108,https://encrypted-tbn0.gstatic.com/images?q=tbn:ANd9GcTjQfUyt8Q4ypHfybtL4EZkom5Q3yKa3DTlYQ&s,2/6/2025
Riley Lee,riley.lee@fakemail.org,-107.86317,37.67545,https://encrypted-tbn0.gstatic.com/images?q=tbn:ANd9GcTjQfUyt8Q4ypHfybtL4EZkom5Q3yKa3DTlYQ&s,6/11/2024
Sophia White,sophia.white365@mailtest.com,-109.44351,28.42296,https://encrypted-tbn0.gstatic.com/images?q=tbn:ANd9GcTjQfUyt8Q4ypHfybtL4EZkom5Q3yKa3DTlYQ&s,9/28/2024
Evelyn Mitchell,evelyn.mitchell@demo.co,-119.32854,37.55608,https://encrypted-tbn0.gstatic.com/images?q=tbn:ANd9GcTjQfUyt8Q4ypHfybtL4EZkom5Q3yKa3DTlYQ&s,3/12/2025
Liam Martinez,liam.martinez@example.com,-80.97397,29.04297,https://encrypted-tbn0.gstatic.com/images?q=tbn:ANd9GcTjQfUyt8Q4ypHfybtL4EZkom5Q3yKa3DTlYQ&s,3/13/2024
Drew White,drew.white2010@mailtest.com,-123.98213,30.74183,https://encrypted-tbn0.gstatic.com/images?q=tbn:ANd9GcTjQfUyt8Q4ypHfybtL4EZkom5Q3yKa3DTlYQ&s,6/15/2025
Blake Martinez,blake.martinez@mailtest.com,-91.065,27.75856,https://encrypted-tbn0.gstatic.com/images?q=tbn:ANd9GcTjQfUyt8Q4ypHfybtL4EZkom5Q3yKa3DTlYQ&s,10/19/2024
Daniel Wright,daniel.wright7759@inboxnow.net,-91.57102,31.25718,https://encrypted-tbn0.gstatic.com/images?q=tbn:ANd9GcTjQfUyt8Q4ypHfybtL4EZkom5Q3yKa3DTlYQ&s,6/28/2025
Scarlett Torres,scarlett.torres8522@demo.co,-81.74559,30.57898,https://encrypted-tbn0.gstatic.com/images?q=tbn:ANd9GcTjQfUyt8Q4ypHfybtL4EZkom5Q3yKa3DTlYQ&s,10/22/2024
Evelyn Young,evelyn.young@mailtest.com,-124.52982,30.27912,https://encrypted-tbn0.gstatic.com/images?q=tbn:ANd9GcTjQfUyt8Q4ypHfybtL4EZkom5Q3yKa3DTlYQ&s,5/24/2025
Emerson Davis,emerson.davis@example.com,-107.04754,31.82498,https://encrypted-tbn0.gstatic.com/images?q=tbn:ANd9GcTjQfUyt8Q4ypHfybtL4EZkom5Q3yKa3DTlYQ&s,8/31/2024
Levi Sharma,levi.sharma@samplemail.io,-92.41454,27.03925,https://encrypted-tbn0.gstatic.com/images?q=tbn:ANd9GcTjQfUyt8Q4ypHfybtL4EZkom5Q3yKa3DTlYQ&s,2/26/2025
Skye White,skye.white@inboxnow.net,-74.96972,44.44083,https://encrypted-tbn0.gstatic.com/images?q=tbn:ANd9GcTjQfUyt8Q4ypHfybtL4EZkom5Q3yKa3DTlYQ&s,12/8/2024
Daniel Wright,daniel.wright1824@fakemail.org,-101.16976,37.10619,https://encrypted-tbn0.gstatic.com/images?q=tbn:ANd9GcTjQfUyt8Q4ypHfybtL4EZkom5Q3yKa3DTlYQ&s,8/20/2024
Sebastian Carter,sebastian.carter4300@example.com,-75.69587,41.22586,https://encrypted-tbn0.gstatic.com/images?q=tbn:ANd9GcTjQfUyt8Q4ypHfybtL4EZkom5Q3yKa3DTlYQ&s,8/5/2024
Emerson King,emerson.king@fakemail.org,-79.81231,46.70686,https://encrypted-tbn0.gstatic.com/images?q=tbn:ANd9GcTjQfUyt8Q4ypHfybtL4EZkom5Q3yKa3DTlYQ&s,8/15/2024
Lucas Parker,lucas.parker@example.com,-96.5407,34.0296,https://encrypted-tbn0.gstatic.com/images?q=tbn:ANd9GcTjQfUyt8Q4ypHfybtL4EZkom5Q3yKa3DTlYQ&s,6/28/2025
Logan Carter,logan.carter828@mailtest.com,-118.41106,38.34764,https://encrypted-tbn0.gstatic.com/images?q=tbn:ANd9GcTjQfUyt8Q4ypHfybtL4EZkom5Q3yKa3DTlYQ&s,5/21/2024
Avery Robinson,avery.robinson3606@samplemail.io,-82.68165,46.28531,https://encrypted-tbn0.gstatic.com/images?q=tbn:ANd9GcTjQfUyt8Q4ypHfybtL4EZkom5Q3yKa3DTlYQ&s,4/18/2024
Skye Patel,skye.patel@mailtest.com,-89.3572,44.41106,https://encrypted-tbn0.gstatic.com/images?q=tbn:ANd9GcTjQfUyt8Q4ypHfybtL4EZkom5Q3yKa3DTlYQ&s,4/24/2024
William Lewis,william.lewis@samplemail.io,-71.54896,36.55484,https://encrypted-tbn0.gstatic.com/images?q=tbn:ANd9GcTjQfUyt8Q4ypHfybtL4EZkom5Q3yKa3DTlYQ&s,4/7/2025
Evelyn Jackson,evelyn.jackson@fakemail.org,-87.06488,35.09022,https://encrypted-tbn0.gstatic.com/images?q=tbn:ANd9GcTjQfUyt8Q4ypHfybtL4EZkom5Q3yKa3DTlYQ&s,3/22/2025
Parker Rivera,parker.rivera7117@fakemail.org,-78.18356,25.90658,https://encrypted-tbn0.gstatic.com/images?q=tbn:ANd9GcTjQfUyt8Q4ypHfybtL4EZkom5Q3yKa3DTlYQ&s,7/26/2024
Sophia Brown,sophia.brown@example.com,-102.75582,26.57557,https://encrypted-tbn0.gstatic.com/images?q=tbn:ANd9GcTjQfUyt8Q4ypHfybtL4EZkom5Q3yKa3DTlYQ&s,6/15/2025
Aria Davis,aria.davis7425@fakemail.org,-114.85679,45.63466,https://encrypted-tbn0.gstatic.com/images?q=tbn:ANd9GcTjQfUyt8Q4ypHfybtL4EZkom5Q3yKa3DTlYQ&s,8/28/2024
Riley Martinez,riley.martinez@example.com,-70.01782,40.05565,https://encrypted-tbn0.gstatic.com/images?q=tbn:ANd9GcTjQfUyt8Q4ypHfybtL4EZkom5Q3yKa3DTlYQ&s,8/17/2025
Taylor Adams,taylor.adams@mailtest.com,-99.78613,38.30821,https://encrypted-tbn0.gstatic.com/images?q=tbn:ANd9GcTjQfUyt8Q4ypHfybtL4EZkom5Q3yKa3DTlYQ&s,1/2/2025
Casey Nelson,casey.nelson@inboxnow.net,-69.42473,30.19826,https://encrypted-tbn0.gstatic.com/images?q=tbn:ANd9GcTjQfUyt8Q4ypHfybtL4EZkom5Q3yKa3DTlYQ&s,5/15/2025
Jack Chen,jack.chen@example.com,-69.27175,25.5152,https://encrypted-tbn0.gstatic.com/images?q=tbn:ANd9GcTjQfUyt8Q4ypHfybtL4EZkom5Q3yKa3DTlYQ&s,5/24/2025
Drew Sharma,drew.sharma@demo.co,-86.96212,46.7134,https://encrypted-tbn0.gstatic.com/images?q=tbn:ANd9GcTjQfUyt8Q4ypHfybtL4EZkom5Q3yKa3DTlYQ&s,6/10/2024
Evelyn Turner,evelyn.turner@samplemail.io,-79.21614,26.15217,https://encrypted-tbn0.gstatic.com/images?q=tbn:ANd9GcTjQfUyt8Q4ypHfybtL4EZkom5Q3yKa3DTlYQ&s,8/4/2024
Levi Perez,levi.perez@example.com,-92.84183,42.33004,https://encrypted-tbn0.gstatic.com/images?q=tbn:ANd9GcTjQfUyt8Q4ypHfybtL4EZkom5Q3yKa3DTlYQ&s,6/13/2025
Jordan Harris,jordan.harris@inboxnow.net,-85.93994,44.66701,https://encrypted-tbn0.gstatic.com/images?q=tbn:ANd9GcTjQfUyt8Q4ypHfybtL4EZkom5Q3yKa3DTlYQ&s,5/31/2025
Parker King,parker.king9941@demo.co,-124.10003,29.12629,https://encrypted-tbn0.gstatic.com/images?q=tbn:ANd9GcTjQfUyt8Q4ypHfybtL4EZkom5Q3yKa3DTlYQ&s,10/5/2024
Jamie Scott,jamie.scott@example.com,-123.94247,36.89695,https://encrypted-tbn0.gstatic.com/images?q=tbn:ANd9GcTjQfUyt8Q4ypHfybtL4EZkom5Q3yKa3DTlYQ&s,6/12/2024
Avery Kim,avery.kim@samplemail.io,-114.04017,42.92272,https://encrypted-tbn0.gstatic.com/images?q=tbn:ANd9GcTjQfUyt8Q4ypHfybtL4EZkom5Q3yKa3DTlYQ&s,1/21/2024
Reese Sharma,reese.sharma@example.com,-72.91381,42.55039,https://encrypted-tbn0.gstatic.com/images?q=tbn:ANd9GcTjQfUyt8Q4ypHfybtL4EZkom5Q3yKa3DTlYQ&s,8/25/2024
Emerson Sanchez,emerson.sanchez@inboxnow.net,-89.40065,28.24448,https://encrypted-tbn0.gstatic.com/images?q=tbn:ANd9GcTjQfUyt8Q4ypHfybtL4EZkom5Q3yKa3DTlYQ&s,10/3/2024
Reese Perez,reese.perez200@demo.co,-99.48047,45.57766,https://encrypted-tbn0.gstatic.com/images?q=tbn:ANd9GcTjQfUyt8Q4ypHfybtL4EZkom5Q3yKa3DTlYQ&s,6/17/2024
Cameron Perez,cameron.perez@mailtest.com,-101.15196,32.42366,https://encrypted-tbn0.gstatic.com/images?q=tbn:ANd9GcTjQfUyt8Q4ypHfybtL4EZkom5Q3yKa3DTlYQ&s,9/9/2025
Scarlett Robinson,scarlett.robinson@mailtest.com,-97.83633,33.90001,https://encrypted-tbn0.gstatic.com/images?q=tbn:ANd9GcTjQfUyt8Q4ypHfybtL4EZkom5Q3yKa3DTlYQ&s,6/12/2024
Jack Rodriguez,jack.rodriguez@mailtest.com,-104.68705,47.39484,https://encrypted-tbn0.gstatic.com/images?q=tbn:ANd9GcTjQfUyt8Q4ypHfybtL4EZkom5Q3yKa3DTlYQ&s,2/22/2025
Luna Garcia,luna.garcia9626@fakemail.org,-118.53404,27.22967,https://encrypted-tbn0.gstatic.com/images?q=tbn:ANd9GcTjQfUyt8Q4ypHfybtL4EZkom5Q3yKa3DTlYQ&s,3/2/2025
Benjamin Sanchez,benjamin.sanchez9377@inboxnow.net,-122.43349,39.97748,https://encrypted-tbn0.gstatic.com/images?q=tbn:ANd9GcTjQfUyt8Q4ypHfybtL4EZkom5Q3yKa3DTlYQ&s,12/14/2024
Elijah Parker,elijah.parker5798@demo.co,-108.48394,25.60372,https://encrypted-tbn0.gstatic.com/images?q=tbn:ANd9GcTjQfUyt8Q4ypHfybtL4EZkom5Q3yKa3DTlYQ&s,1/1/2024
Hannah Sharma,hannah.sharma@inboxnow.net,-116.55562,37.85465,https://encrypted-tbn0.gstatic.com/images?q=tbn:ANd9GcTjQfUyt8Q4ypHfybtL4EZkom5Q3yKa3DTlYQ&s,5/31/2025
Riley Clark,riley.clark@demo.co,-87.4733,37.54632,https://encrypted-tbn0.gstatic.com/images?q=tbn:ANd9GcTjQfUyt8Q4ypHfybtL4EZkom5Q3yKa3DTlYQ&s,1/16/2024
Quinn White,quinn.white4568@example.com,-85.01105,28.83117,https://encrypted-tbn0.gstatic.com/images?q=tbn:ANd9GcTjQfUyt8Q4ypHfybtL4EZkom5Q3yKa3DTlYQ&s,5/2/2025
Avery Lee,avery.lee5420@fakemail.org,-85.4358,28.01281,https://encrypted-tbn0.gstatic.com/images?q=tbn:ANd9GcTjQfUyt8Q4ypHfybtL4EZkom5Q3yKa3DTlYQ&s,3/12/2024
Charlotte Wright,charlotte.wright@example.com,-79.92879,38.86602,https://encrypted-tbn0.gstatic.com/images?q=tbn:ANd9GcTjQfUyt8Q4ypHfybtL4EZkom5Q3yKa3DTlYQ&s,2/3/2024
Jamie Chen,jamie.chen1346@demo.co,-109.53456,32.73449,https://encrypted-tbn0.gstatic.com/images?q=tbn:ANd9GcTjQfUyt8Q4ypHfybtL4EZkom5Q3yKa3DTlYQ&s,2/25/2024
Ella Lewis,ella.lewis@samplemail.io,-121.18305,41.47595,https://encrypted-tbn0.gstatic.com/images?q=tbn:ANd9GcTjQfUyt8Q4ypHfybtL4EZkom5Q3yKa3DTlYQ&s,3/21/2024
Morgan Baker,morgan.baker@example.com,-102.92373,47.96505,https://encrypted-tbn0.gstatic.com/images?q=tbn:ANd9GcTjQfUyt8Q4ypHfybtL4EZkom5Q3yKa3DTlYQ&s,12/27/2024
Amelia Perez,amelia.perez@example.com,-114.68285,35.90619,https://encrypted-tbn0.gstatic.com/images?q=tbn:ANd9GcTjQfUyt8Q4ypHfybtL4EZkom5Q3yKa3DTlYQ&s,4/19/2025
Aria Carter,aria.carter1993@inboxnow.net,-112.8375,32.64565,https://encrypted-tbn0.gstatic.com/images?q=tbn:ANd9GcTjQfUyt8Q4ypHfybtL4EZkom5Q3yKa3DTlYQ&s,9/26/2024
Taylor Moore,taylor.moore@demo.co,-114.37604,26.3257,https://encrypted-tbn0.gstatic.com/images?q=tbn:ANd9GcTjQfUyt8Q4ypHfybtL4EZkom5Q3yKa3DTlYQ&s,1/27/2025
William Rodriguez,william.rodriguez@inboxnow.net,-77.5801,49.04562,https://encrypted-tbn0.gstatic.com/images?q=tbn:ANd9GcTjQfUyt8Q4ypHfybtL4EZkom5Q3yKa3DTlYQ&s,8/20/2025
Sophia Torres,sophia.torres@mailtest.com,-114.14248,48.57481,https://encrypted-tbn0.gstatic.com/images?q=tbn:ANd9GcTjQfUyt8Q4ypHfybtL4EZkom5Q3yKa3DTlYQ&s,2/22/2025
Daniel Torres,daniel.torres@fakemail.org,-73.93501,45.87477,https://encrypted-tbn0.gstatic.com/images?q=tbn:ANd9GcTjQfUyt8Q4ypHfybtL4EZkom5Q3yKa3DTlYQ&s,1/19/2025
Morgan Lopez,morgan.lopez5610@inboxnow.net,-104.59336,25.4055,https://encrypted-tbn0.gstatic.com/images?q=tbn:ANd9GcTjQfUyt8Q4ypHfybtL4EZkom5Q3yKa3DTlYQ&s,5/20/2024
William Sharma,william.sharma@fakemail.org,-81.35068,42.11698,https://encrypted-tbn0.gstatic.com/images?q=tbn:ANd9GcTjQfUyt8Q4ypHfybtL4EZkom5Q3yKa3DTlYQ&s,3/22/2024
Nora Davis,nora.davis5995@samplemail.io,-121.5866,43.88659,https://encrypted-tbn0.gstatic.com/images?q=tbn:ANd9GcTjQfUyt8Q4ypHfybtL4EZkom5Q3yKa3DTlYQ&s,4/6/2025
Casey Parker,casey.parker2279@samplemail.io,-88.12138,49.26171,https://encrypted-tbn0.gstatic.com/images?q=tbn:ANd9GcTjQfUyt8Q4ypHfybtL4EZkom5Q3yKa3DTlYQ&s,1/13/2024
Levi Chen,levi.chen3891@fakemail.org,-70.6332,30.01626,https://encrypted-tbn0.gstatic.com/images?q=tbn:ANd9GcTjQfUyt8Q4ypHfybtL4EZkom5Q3yKa3DTlYQ&s,9/2/2025
James Robinson,james.robinson3972@fakemail.org,-76.93824,29.86882,https://encrypted-tbn0.gstatic.com/images?q=tbn:ANd9GcTjQfUyt8Q4ypHfybtL4EZkom5Q3yKa3DTlYQ&s,8/9/2024
Blake White,blake.white@mailtest.com,-88.77246,27.63699,https://encrypted-tbn0.gstatic.com/images?q=tbn:ANd9GcTjQfUyt8Q4ypHfybtL4EZkom5Q3yKa3DTlYQ&s,7/26/2024
Harper Lewis,harper.lewis2592@demo.co,-116.21424,38.03557,https://encrypted-tbn0.gstatic.com/images?q=tbn:ANd9GcTjQfUyt8Q4ypHfybtL4EZkom5Q3yKa3DTlYQ&s,2/9/2024
Benjamin Brown,benjamin.brown5658@inboxnow.net,-123.83897,33.76722,https://encrypted-tbn0.gstatic.com/images?q=tbn:ANd9GcTjQfUyt8Q4ypHfybtL4EZkom5Q3yKa3DTlYQ&s,3/13/2024
Isabella Garcia,isabella.garcia@mailtest.com,-73.29946,26.59498,https://encrypted-tbn0.gstatic.com/images?q=tbn:ANd9GcTjQfUyt8Q4ypHfybtL4EZkom5Q3yKa3DTlYQ&s,9/9/2024
Drew Phillips,drew.phillips2546@samplemail.io,-107.71534,48.37391,https://encrypted-tbn0.gstatic.com/images?q=tbn:ANd9GcTjQfUyt8Q4ypHfybtL4EZkom5Q3yKa3DTlYQ&s,8/12/2024
Mason Carter,mason.carter@mailtest.com,-91.30377,40.19285,https://encrypted-tbn0.gstatic.com/images?q=tbn:ANd9GcTjQfUyt8Q4ypHfybtL4EZkom5Q3yKa3DTlYQ&s,6/29/2024
Avery Walker,avery.walker7950@demo.co,-83.81396,38.53547,https://encrypted-tbn0.gstatic.com/images?q=tbn:ANd9GcTjQfUyt8Q4ypHfybtL4EZkom5Q3yKa3DTlYQ&s,3/24/2025
Rowan Mitchell,rowan.mitchell2866@demo.co,-83.8801,48.5153,https://encrypted-tbn0.gstatic.com/images?q=tbn:ANd9GcTjQfUyt8Q4ypHfybtL4EZkom5Q3yKa3DTlYQ&s,9/24/2024
Finley Green,finley.green9@demo.co,-87.30622,33.27118,https://encrypted-tbn0.gstatic.com/images?q=tbn:ANd9GcTjQfUyt8Q4ypHfybtL4EZkom5Q3yKa3DTlYQ&s,6/10/2024
Mason Allen,mason.allen@samplemail.io,-69.66159,34.37779,https://encrypted-tbn0.gstatic.com/images?q=tbn:ANd9GcTjQfUyt8Q4ypHfybtL4EZkom5Q3yKa3DTlYQ&s,3/7/2024
Avery Gonzalez,avery.gonzalez@demo.co,-98.36049,37.71373,https://encrypted-tbn0.gstatic.com/images?q=tbn:ANd9GcTjQfUyt8Q4ypHfybtL4EZkom5Q3yKa3DTlYQ&s,3/25/2025
Kai Wright,kai.wright1490@fakemail.org,-104.43998,48.94777,https://encrypted-tbn0.gstatic.com/images?q=tbn:ANd9GcTjQfUyt8Q4ypHfybtL4EZkom5Q3yKa3DTlYQ&s,2/9/2025
Mason Lee,mason.lee6073@demo.co,-81.16893,45.8234,https://encrypted-tbn0.gstatic.com/images?q=tbn:ANd9GcTjQfUyt8Q4ypHfybtL4EZkom5Q3yKa3DTlYQ&s,5/31/2025
Sophia Roberts,sophia.roberts2688@fakemail.org,-76.15151,40.57947,https://encrypted-tbn0.gstatic.com/images?q=tbn:ANd9GcTjQfUyt8Q4ypHfybtL4EZkom5Q3yKa3DTlYQ&s,6/25/2024
Isabella Allen,isabella.allen@fakemail.org,-95.84016,31.97598,https://encrypted-tbn0.gstatic.com/images?q=tbn:ANd9GcTjQfUyt8Q4ypHfybtL4EZkom5Q3yKa3DTlYQ&s,6/19/2024
Charlotte Gonzalez,charlotte.gonzalez3894@demo.co,-76.77383,43.90955,https://encrypted-tbn0.gstatic.com/images?q=tbn:ANd9GcTjQfUyt8Q4ypHfybtL4EZkom5Q3yKa3DTlYQ&s,2/25/2024
Taylor Patel,taylor.patel9392@demo.co,-116.38087,36.22309,https://encrypted-tbn0.gstatic.com/images?q=tbn:ANd9GcTjQfUyt8Q4ypHfybtL4EZkom5Q3yKa3DTlYQ&s,3/19/2025
Jack Taylor,jack.taylor@fakemail.org,-105.26148,36.69902,https://encrypted-tbn0.gstatic.com/images?q=tbn:ANd9GcTjQfUyt8Q4ypHfybtL4EZkom5Q3yKa3DTlYQ&s,1/30/2024
Ella White,ella.white9610@inboxnow.net,-118.0836,31.58777,https://encrypted-tbn0.gstatic.com/images?q=tbn:ANd9GcTjQfUyt8Q4ypHfybtL4EZkom5Q3yKa3DTlYQ&s,1/2/2024
Quinn Torres,quinn.torres@samplemail.io,-118.90518,30.04153,https://encrypted-tbn0.gstatic.com/images?q=tbn:ANd9GcTjQfUyt8Q4ypHfybtL4EZkom5Q3yKa3DTlYQ&s,12/8/2024
Sophia Rivera,sophia.rivera@fakemail.org,-111.06601,46.16038,https://encrypted-tbn0.gstatic.com/images?q=tbn:ANd9GcTjQfUyt8Q4ypHfybtL4EZkom5Q3yKa3DTlYQ&s,11/25/2024
Dylan Wu,dylanwu425@gmail.com,-79.94479783596408,40.443423789827996,/static/uploads/lf_20250913T104800432618.jpg,2025-09-13T10:48:00.420Z
